Date,Tech,Tech Score,Opponent,Opponent Score,W/L/T,City,State,Notes,,,,,Total points scored:
10/28/1901,Louisiana Tech,0,LSU,60,L,"Ruston, LA",LA,"SOURCE: Shreveport Times, 10/29/1901 (Tech Media Guide said 57)",,,,,60
11/23/1901,Louisiana Tech,0,Arkansas,16,L,"Ruston, LA",LA,,,,,,16
11/28/1901,Louisiana Tech,,Shreveport High School,,W,"Shreveport, LA",LA,"Source: Shreveport Times, 11/29/1901. Missing page that has the final score.",,,,,0
10/25/1902,Louisiana Tech,6,Monroe Athletic,5,W,"Ruston, LA",LA,,,,,,11
11/6/1902,Louisiana Tech,0,Shreveport Athletic Association,35,L,"Shreveport, LA",LA,,,,,,35
11/27/1902,Louisiana Tech,0,Monroe Athletic,0,T,"Monroe, LA",LA,KEY,,,,,0
10/30/1903,Louisiana Tech,0,LSU,16,L,"Ruston, LA",LA,Tech Media Guide DID NOT HAVE,,,,,16
11/26/1903,Louisiana Tech,16,Monroe Athletic,5,W,"Monroe, LA",LA,Tech Media Guide WAS WRONG,,,,,21
10/13/1904,Louisiana Tech,0,Shreveport Athletic Association,22,L,"Shreveport, LA",LA,"SOURCE: The Shreveport Journal, Oct 14, 1904",,,,,22
10/16/1904,Louisiana Tech,0,LSU,17,L,"Baton Rouge, LA",LA,"Shreveport Journal Article dated 22 Oct 1904 suggests this game was actually on the 21st (""The University of Louisiana eleven yesterday afternoon defeated the Ruston Institute team by a score of 17 to 0)",,,,,17
10/22/1904,Louisiana Tech,0,Tulane,11,L,"New Orleans, LA",LA,"Confirmed that this game was actually played on October 22, 1904 in NOLA. Times-Democrat article from 10/23/1904",,,,,11
10/29/1904,Louisiana Tech,6,LSU,0,W,"Ruston, LA",LA,"LSU Media Guide has this game taking place on 10/29/1904, which makes more sense (they played at the Shreveport AC on the 28th, which is verified in the Shreveport Journal",,,,,6
11/25/1904,Louisiana Tech,5,Mississippi State,32,L,"Starkville, MS",MS,,,,,,37
3/20/1905,Louisiana Tech,26,Ruston Athletic Club,0,W,"Ruston, LA",LA,,,,,,26
3/20/1905,Louisiana Tech,5,Ouachita Baptist,0,W,"Ruston, LA",LA,,,,,,5
3/20/1905,Louisiana Tech,5,Henderson State,5,T,"Ruston, LA",LA,,,,,,10
3/20/1905,Louisiana Tech,0,Monroe Athletic,0,T,"Ruston, LA",LA,,,,,,0
3/20/1905,Louisiana Tech,0,Shreveport YMCA,0,T,"Ruston, LA",LA,,,,,,0
3/21/1905,Louisiana Tech,49,Ruston Athletic Club,0,W,"Ruston, LA",LA,,,,,,49
3/21/1905,Louisiana Tech,35,Jackson Military College,5,W,"Ruston, LA",LA,,,,,,40
3/21/1905,Louisiana Tech,23,Lyon College,0,W,"Ruston, LA",LA,,,,,,23
3/21/1905,Louisiana Tech,21,Henderson State,0,W,"Ruston, LA",LA,,,,,,21
3/21/1905,Louisiana Tech,18,Mississippi College,0,W,"Ruston, LA",LA,,,,,,18
3/21/1905,Louisiana Tech,11,Monroe Athletic,0,W,"Ruston, LA",LA,,,,,,11
3/21/1905,Louisiana Tech,11,Monroe Athletic,0,W,"Ruston, LA",LA,,,,,,11
3/22/1905,Louisiana Tech,72,Hendrix College,0,W,"Ruston, LA",LA,,,,,,72
3/22/1905,Louisiana Tech,18,16th U.S. Infantry,6,W,"Ruston, LA",LA,,,,,,24
3/22/1905,Louisiana Tech,10,Henderson State,11,L,"Ruston, LA",LA,,,,,,21
3/23/1905,Louisiana Tech,60,Centenary,0,W,"Ruston, LA",LA,,,,,,60
3/23/1905,Louisiana Tech,45,Northwestern State,0,W,"Ruston, LA",LA,,,,,,45
3/23/1905,Louisiana Tech,28,Monroe Athletic,0,W,"Ruston, LA",LA,,,,,,28
3/23/1905,Louisiana Tech,3,Henderson State,0,W,"Ruston, LA",LA,,,,,,3
3/24/1905,Louisiana Tech,75,Winnfield High School,0,W,"Ruston, LA",LA,,,,,,75
3/24/1905,Louisiana Tech,75,UL-Lafayette,0,W,"Ruston, LA",LA,,,,,,75
3/24/1905,Louisiana Tech,60,Louisiana College,0,W,"Ruston, LA",LA,,,,,,60
3/24/1905,Louisiana Tech,32,Northwestern State,0,W,"Ruston, LA",LA,,,,,,32
3/24/1905,Louisiana Tech,11,Henderson State,6,W,"Ruston, LA",LA,,,,,,17
3/24/1905,Louisiana Tech,6,Mississippi College,0,W,"Clinton, MS",MS,,,,,,6
3/24/1905,Louisiana Tech,6,Ouachita Baptist,0,W,"Ruston, LA",LA,,,,,,6
3/25/1905,Louisiana Tech,39,Northwestern State,0,W,"Ruston, LA",LA,,,,,,39
3/25/1905,Louisiana Tech,24,Henderson State,3,W,"Ruston, LA",LA,,,,,,27
3/25/1905,Louisiana Tech,5,Hendrix College,5,T,"Conway, AR",AR,,,,,,10
3/26/1905,Louisiana Tech,20,Centenary,0,W,"Ruston, LA",LA,,,,,,20
3/26/1905,Louisiana Tech,0,Ouachita Baptist,0,T,"Ruston, LA",LA,,,,,,0
3/26/1905,Louisiana Tech,0,Henderson State,14,L,"Ruston, LA",LA,,,,,,14
3/27/1905,Louisiana Tech,53,Louisiana College,0,W,"Ruston, LA",LA,,,,,,53
3/27/1905,Louisiana Tech,40,Northwestern State,0,W,"Ruston, LA",LA,,,,,,40
3/27/1905,Louisiana Tech,3,Mississippi College,7,L,"Ruston, LA",LA,,,,,,10
3/27/1905,Louisiana Tech,0,Ouachita Baptist,0,T,"Ruston, LA",LA,,,,,,0
3/27/1905,Louisiana Tech,0,Ouachita Baptist,19,L,"Ruston, LA",LA,,,,,,19
3/28/1905,Louisiana Tech,33,Centenary,7,W,"Ruston, LA",LA,,,,,,40
3/28/1905,Louisiana Tech,0,Hendrix College,20,L,"Ruston, LA",LA,,,,,,20
3/29/1905,Louisiana Tech,43,Henderson State,0,W,"Ruston, LA",LA,,,,,,43
3/29/1905,Louisiana Tech,40,Louisiana College,0,W,"Ruston, LA",LA,,,,,,40
3/30/1905,Louisiana Tech,0,Mississippi College,13,L,"Ruston, LA",LA,,,,,,13
3/31/1905,Louisiana Tech,43,St. Charles College,7,W,"Ruston, LA",LA,,,,,,50
3/31/1905,Louisiana Tech,19,Henderson State,13,W,"Ruston, LA",LA,,,,,,32
3/31/1905,Louisiana Tech,10,Ouachita Baptist,53,L,"Ruston, LA",LA,,,,,,63
4/2/1905,Louisiana Tech,7,Henderson State,14,L,"Ruston, LA",LA,,,,,,21
4/2/1905,Louisiana Tech,0,Northwestern State,27,L,"Ruston, LA",LA,,,,,,27
4/3/1905,Louisiana Tech,14,Louisiana College,0,W,"Pineville, LA",LA,,,,,,14
4/3/1905,Louisiana Tech,13,St. Charles College,7,W,"Ruston, LA",LA,,,,,,20
4/3/1905,Louisiana Tech,7,Louisiana College,0,W,"Ruston, LA",LA,,,,,,7
4/3/1905,Louisiana Tech,3,Southern Arkansas,0,W,"Ruston, LA",LA,,,,,,3
4/4/1905,Louisiana Tech,13,Arkansas-Monticello,0,W,"Ruston, LA",LA,,,,,,13
11/18/1905,Louisiana Tech,0,LSU,16,L,"Baton Rouge, LA",LA,,,,,,16
11/9/1906,Louisiana Tech,0,LSU,17,L,"Baton Rouge, LA",LA,,,,,,17
10/11/1907,Louisiana Tech,0,LSU,26,L,"Baton Rouge, LA",LA,Times-Democrat article Oct 12,,,,,26
10/18/1907,Louisiana Tech,36,Ouachita Baptist,0,W,"Ruston, LA",LA,Shreveport Times article Oct 19,,,,,36
10/25/1907,Louisiana Tech,37,Northwestern State,4,W,"Natchitoches, LA",LA,Shreveport Times article Oct 26 (Tech media guide said 43-4),,,,,41
10/5/1908,Louisiana Tech,28,16th U.S. Infantry,0,W,"Ruston, LA",LA,"Shreveport Times, 10/6/1908",,,,,28
10/10/1908,Louisiana Tech,0,Mississippi State,47,L,"Starkville, MS",MS,,,,,,47
10/23/1908,Louisiana Tech,0,Shreveport Athletic Club,0,T,"Ruston, LA",LA,"Shreveport Times, 10/24/1908",,,,,0
11/14/1908,Louisiana Tech,77,Ouachita Baptist,6,W,"Ruston, LA",LA,"Shreveport Times, 11/15/1908",,,,,83
11/23/1908,Louisiana Tech,0,LSU,22,L,"Ruston, LA",LA,,,,,,22
11/4/1909,Louisiana Tech,0,LSU,23,L,"Alexandria, LA",LA,,,,,,23
10/13/1911,Louisiana Tech,0,Ole Miss,15,L,"Oxford, MS",MS,,,,,,15
10/18/1911,Louisiana Tech,0,Tulane,45,L,"Ruston, LA",LA,,,,,,45
10/23/1911,Louisiana Tech,6,Ouachita Baptist,0,W,"Arkadelphia, AR",AR,,,,,,6
11/4/1911,Louisiana Tech,24,Mississippi College,0,W,"Ruston, LA",LA,,,,,,24
11/9/1912,Louisiana Tech,13,Mississippi College,14,L,"Ruston, LA",LA,,,,,,27
10/4/1913,Louisiana Tech,2,LSU,20,L,"Ruston, LA",LA,,,,,,22
11/1/1913,Louisiana Tech,0,Ole Miss,26,L,"Oxford, MS",MS,,,,,,26
11/27/1913,Louisiana Tech,7,Centenary,0,W,"Ruston, LA",LA,,,,,,7
10/3/1914,Louisiana Tech,0,LSU,60,L,"Baton Rouge, LA",LA,,,,,,60
10/17/1914,Louisiana Tech,0,Henderson State,28,L,"Ruston, LA",LA,,,,,,28
10/31/1914,Louisiana Tech,8,Mississippi College,14,L,"Ruston, LA",LA,,,,,,22
11/7/1914,Louisiana Tech,14,Centenary,0,W,"Ruston, LA",LA,,,,,,14
10/15/1915,Louisiana Tech,0,Ouachita Baptist,19,L,"Arkadelphia, AR",AR,,,,,,19
11/3/1915,Louisiana Tech,7,UL-Lafayette,7,T,"Ruston, LA",LA,,,,,,14
11/6/1915,Louisiana Tech,20,Northwestern State,7,W,"Shreveport, LA",LA,,,,,,27
11/20/1915,Louisiana Tech,0,Mississippi College,0,T,"Ruston, LA",LA,,,,,,0
9/21/1916,Louisiana Tech,10,Ouachita Baptist,6,W,"Hope, AR",AR,,,,,,16
9/27/1916,Louisiana Tech,0,Henderson State,14,L,"Ruston, LA",LA,,,,,,14
11/4/1916,Louisiana Tech,24,Northwestern State,0,W,"Shreveport, LA",LA,,,,,,24
11/18/1916,Louisiana Tech,0,UL-Lafayette,26,L,"Ruston, LA",LA,,,,,,26
11/30/1916,Louisiana Tech,6,Hendrix College,7,L,"Conway, AR",AR,,,,,,13
11/3/1917,Louisiana Tech,0,Northwestern State,7,L,"Shreveport, LA",LA,,,,,,7
11/17/1917,Louisiana Tech,0,UL-Lafayette,57,L,"Ruston, LA",LA,,,,,,57
11/27/1919,Louisiana Tech,6,Southern Arkansas,7,L,"Magnolia, AR",AR,,,,,,13
10/30/1920,Louisiana Tech,0,Northwestern State,12,L,"Ruston, LA",LA,,,,,,12
11/12/1920,Louisiana Tech,0,UL-Lafayette,0,T,"Ruston, LA",LA,"this game was forfeited by ULL, Tech counts it as a W",,,,,0
10/28/1921,Louisiana Tech,22,Southern Arkansas,13,W,"Magnolia, AR",AR,,,,,,35
11/4/1921,Louisiana Tech,20,Ouachita Baptist,0,W,"Ruston, LA",LA,,,,,,20
11/11/1921,Louisiana Tech,20,UL-Lafayette,0,W,"Ruston, LA",LA,,,,,,20
11/24/1921,Louisiana Tech,14,Centenary,7,W,"Shreveport, LA",LA,,,,,,21
10/14/1922,Louisiana Tech,34,Hendrix College,0,W,"Ruston, LA",LA,,,,,,34
10/19/1922,Louisiana Tech,0,Northwestern State,0,T,"Natchitoches, LA",LA,,,,,,0
10/28/1922,Louisiana Tech,100,Clarke Memorial,0,W,"Ruston, LA",LA,"Jackson Daily News Oct 28, 1922",,,,,100
11/11/1922,Louisiana Tech,33,Louisiana College,6,W,"Alexandria, LA",LA,,,,,,39
11/13/1922,Louisiana Tech,34,Henderson State,0,W,"Ruston, LA",LA,,,,,,34
11/18/1922,Louisiana Tech,89,Southern Arkansas,0,W,"Ruston, LA",LA,,,,,,89
11/30/1922,Louisiana Tech,0,Centenary,22,L,"Shreveport, LA",LA,"Shreveport Times October 27, 1922",,,,,22
10/6/1923,Louisiana Tech,26,Little Rock,0,W,"Ruston, LA",LA,,,,,,26
10/12/1923,Louisiana Tech,7,Henderson State,3,W,"Arkadelphia, AR",AR,,,,,,10
10/20/1923,Louisiana Tech,7,Tulane,13,L,"New Orleans, LA",LA,,,,,,20
10/27/1923,Louisiana Tech,20,Millsaps College,0,W,"Ruston, LA",LA,,,,,,20
11/3/1923,Louisiana Tech,40,Louisiana College,7,W,"Pineville, LA",LA,,,,,,47
11/10/1923,Louisiana Tech,66,Northwestern State,7,W,"Natchitoches, LA",LA,,,,,,73
11/19/1923,Louisiana Tech,28,Loyola,6,W,"Ruston, LA",LA,,,,,,34
11/29/1923,Louisiana Tech,0,Centenary,27,L,"Shreveport, LA",LA,,,,,,27
10/4/1924,Louisiana Tech,0,Louisiana College,0,T,"Ruston, LA",LA,,,,,,0
10/11/1924,Louisiana Tech,12,Tulane,42,L,"New Orleans, LA",LA,,,,,,54
10/18/1924,Louisiana Tech,0,University of Dallas,9,L,"Ruston, LA",LA,,,,,,9
10/25/1924,Louisiana Tech,12,Little Rock,0,W,"Ruston, LA",LA,,,,,,12
10/27/1924,Louisiana Tech,0,Loyola,27,L,"New Orleans, LA",LA,,,,,,27
11/1/1924,Louisiana Tech,12,St. Edwards College,28,L,"Austin, TX",TX,,,,,,40
11/8/1924,Louisiana Tech,0,Ouachita Baptist,13,L,"Ruston, LA",LA,,,,,,13
11/15/1924,Louisiana Tech,6,UL-Lafayette,20,L,Lafayette. LA,LA,,,,,,26
9/26/1925,Louisiana Tech,0,Henderson State,0,T,"Ruston, LA",LA,,,,,,0
10/3/1925,Louisiana Tech,6,Mississippi College,0,W,"Clinton, MS",MS,,,,,,6
10/10/1925,Louisiana Tech,0,Little Rock,10,L,"Ruston, LA",LA,,,,,,10
10/17/1925,Louisiana Tech,2,Millsaps College,13,L,"Ruston, LA",LA,,,,,,15
10/24/1925,Louisiana Tech,0,Louisiana College,0,T,"Pineville, LA",LA,,,,,,0
10/30/1925,Louisiana Tech,0,Ouachita Baptist,28,L,"El Dorado, AR",AR,,,,,,28
11/7/1925,Louisiana Tech,0,Tulane,37,L,"New Orleans, LA",LA,,,,,,37
11/20/1925,Louisiana Tech,13,UL-Lafayette,22,L,"Ruston, LA",LA,,,,,,35
12/5/1925,Louisiana Tech,7,Ft. Benning Infantry,66,L,"Columbus, GA",GA,,,,,,73
9/25/1926,Louisiana Tech,0,Tulane,40,L,"New Orleans, LA",LA,,,,,,40
10/2/1926,Louisiana Tech,28,Northwestern State,0,W,"Ruston, LA",LA,,,,,,28
10/9/1926,Louisiana Tech,3,Clarke Memorial,0,W,"Ruston, LA",LA,,,,,,3
10/23/1926,Louisiana Tech,0,University of Tennessee - Doctors,0,T,"Ruston, LA",LA,"""game halted due to driving rain""",,,,,0
10/30/1926,Louisiana Tech,13,Millsaps College,7,W,"Ruston, LA",LA,,,,,,20
11/5/1926,Louisiana Tech,23,UL-Lafayette,0,W,Lafayette. LA,LA,,,,,,23
11/11/1926,Louisiana Tech,0,Centenary,7,L,"Shreveport, LA",LA,,,,,,7
11/19/1926,Louisiana Tech,6,Sam Houston State,6,T,"Ruston, LA",LA,,,,,,12
11/25/1926,Louisiana Tech,28,Louisiana College,0,W,"Ruston, LA",LA,,,,,,28
9/24/1927,Louisiana Tech,0,LSU,45,L,"Baton Rouge, LA",LA,,,,,,45
10/1/1927,Louisiana Tech,30,Clarke Memorial,0,W,"Ruston, LA",LA,,,,,,30
10/8/1927,Louisiana Tech,0,Mississippi State,14,L,"Starkville, MS",MS,,,,,,14
10/15/1927,Louisiana Tech,33,Northwestern State,0,W,"Natchitoches, LA",LA,,,,,,33
10/29/1927,Louisiana Tech,0,Mississippi College,7,L,"Monroe, LA",LA,,,,,,7
11/5/1927,Louisiana Tech,13,UL-Lafayette,0,W,"Ruston, LA",LA,,,,,,13
11/11/1927,Louisiana Tech,7,Stetson,19,L,"Deland, FL",FL,,,,,,26
11/19/1927,Louisiana Tech,0,Centenary,33,L,"Shreveport, LA",LA,,,,,,33
9/29/1928,Louisiana Tech,0,College of the Ozarks,18,L,"Ruston, LA",LA,,,,,,18
10/6/1928,Louisiana Tech,19,Clarke Memorial,6,W,"Ruston, LA",LA,,,,,,25
10/13/1928,Louisiana Tech,0,Northwestern State,6,L,"Natchitoches, LA",LA,,,,,,6
10/20/1928,Louisiana Tech,0,Samford,52,L,"Monroe, LA",LA,,,,,,52
10/27/1928,Louisiana Tech,0,Union (TN),26,L,"Ruston, LA",LA,,,,,,26
11/3/1928,Louisiana Tech,6,UL-Lafayette,45,L,Lafayette. LA,LA,,,,,,51
11/10/1928,Louisiana Tech,15,Millsaps College,7,W,"Ruston, LA",LA,,,,,,22
11/17/1928,Louisiana Tech,2,Centenary,63,L,"Shreveport, LA",LA,,,,,,65
11/29/1928,Louisiana Tech,0,Mississippi College,12,L,"Monroe, LA",LA,,,,,,12
10/5/1929,Louisiana Tech,21,Clarke Memorial,12,W,"Ruston, LA",LA,,,,,,33
10/12/1929,Louisiana Tech,6,Southern Arkansas,6,T,"Magnolia, AR",AR,,,,,,12
10/19/1929,Louisiana Tech,13,Ouachita Baptist,0,W,"El Dorado, AR",AR,,,,,,13
10/26/1929,Louisiana Tech,7,LSU,53,L,"Baton Rouge, LA",LA,,,,,,60
11/1/1929,Louisiana Tech,0,Northwestern State,0,T,"Ruston, LA",LA,,,,,,0
11/9/1929,Louisiana Tech,6,Millsaps College,0,W,"Jackson, MS",MS,,,,,,6
11/16/1929,Louisiana Tech,6,Mississippi College,21,L,"Clinton, MS",MS,,,,,,27
11/23/1929,Louisiana Tech,0,Centenary,19,L,"Shreveport, LA",LA,,,,,,19
11/30/1929,Louisiana Tech,13,Louisiana College,19,L,"Pineville, LA",LA,,,,,,32
12/7/1929,Louisiana Tech,24,UL-Lafayette,7,W,"Ruston, LA",LA,,,,,,31
9/27/1930,Louisiana Tech,0,LSU,71,L,"Baton Rouge, LA",LA,,,,,,71
9/30/1930,Louisiana Tech,72,Marine OCS,0,W,"Ruston, LA",LA,,,,,,72
10/4/1930,Louisiana Tech,0,Loyola,26,L,"New Orleans, LA",LA,,,,,,26
10/11/1930,Louisiana Tech,12,Arkansas-Monticello,0,W,"Ruston, LA",LA,,,,,,12
10/17/1930,Louisiana Tech,0,Mississippi College,39,L,"Jackson, MS",MS,,,,,,39
10/25/1930,Louisiana Tech,7,UL-Lafayette,0,W,Lafayette. LA,LA,,,,,,7
11/1/1930,Louisiana Tech,14,Northwestern State,19,L,"Natchitoches, LA",LA,,,,,,33
11/14/1930,Louisiana Tech,0,Millsaps College,19,L,"Jackson, MS",MS,,,,,,19
11/22/1930,Louisiana Tech,0,Centenary,13,L,"Ruston, LA",LA,,,,,,13
11/27/1930,Louisiana Tech,6,Louisiana College,0,W,"Ruston, LA",LA,,,,,,6
10/3/1931,Louisiana Tech,13,Copiah-Lincoln Junior College,7,W,"Ruston, LA",LA,,,,,,20
10/10/1931,Louisiana Tech,39,Union (TN),0,W,"Jackson, TN",TN,,,,,,39
10/17/1931,Louisiana Tech,38,UL-Lafayette,0,W,"Ruston, LA",LA,,,,,,38
10/23/1931,Louisiana Tech,13,Millsaps College,7,W,"Ruston, LA",LA,,,,,,20
10/30/1931,Louisiana Tech,18,Northwestern State,2,W,"Ruston, LA",LA,,,,,,20
11/14/1931,Louisiana Tech,19,Mississippi College,13,W,"Ruston, LA",LA,,,,,,32
11/21/1931,Louisiana Tech,27,Louisiana College,7,W,"Pineville, LA",LA,,,,,,34
10/1/1932,Louisiana Tech,0,Copiah-Lincoln Junior College,2,L,"Ruston, LA",LA,,,,,,2
10/8/1932,Louisiana Tech,46,Union (TN),7,W,"Ruston, LA",LA,,,,,,53
10/14/1932,Louisiana Tech,20,Delta State,0,W,"Ruston, LA",LA,,,,,,20
10/21/1932,Louisiana Tech,15,UL-Lafayette,0,W,Lafayette. LA,LA,,,,,,15
10/28/1932,Louisiana Tech,0,Northwestern State,33,L,"Natchitoches, LA",LA,,,,,,33
11/5/1932,Louisiana Tech,19,Millsaps College,14,W,"Ruston, LA",LA,,,,,,33
11/12/1932,Louisiana Tech,7,Mississippi College,14,L,"Clinton, MS",MS,,,,,,21
11/19/1932,Louisiana Tech,6,Louisiana College,13,L,"Ruston, LA",LA,,,,,,19
9/30/1933,Louisiana Tech,9,Copiah-Lincoln Junior College,10,L,"Ruston, LA",LA,,,,,,19
10/7/1933,Louisiana Tech,0,Henderson State,7,L,"Ruston, LA",LA,,,,,,7
10/14/1933,Louisiana Tech,7,UL-Lafayette,13,L,"Ruston, LA",LA,,,,,,20
10/20/1933,Louisiana Tech,10,Texas Tech,40,L,"Lubbock, TX",TX,,,,,,50
10/28/1933,Louisiana Tech,6,Northwestern State,0,W,"Ruston, LA",LA,,,,,,6
11/4/1933,Louisiana Tech,0,Millsaps College,3,L,"Jackson, MS",MS,,,,,,3
11/11/1933,Louisiana Tech,0,College of the Ozarks,40,L,"Ruston, LA",LA,,,,,,40
11/18/1933,Louisiana Tech,0,Louisiana College,30,L,"Pineville, LA",LA,,,,,,30
9/21/1934,Louisiana Tech,7,Holmes Junior College,0,W,"Ruston, LA",LA,,,,,,7
9/28/1934,Louisiana Tech,7,Southern Arkansas,0,W,"Ruston, LA",LA,,,,,,7
10/5/1934,Louisiana Tech,0,Henderson State,27,L,"Arkadelphia, AR",AR,,,,,,27
10/12/1934,Louisiana Tech,0,UL-Lafayette,25,L,Lafayette. LA,LA,,,,,,25
10/20/1934,Louisiana Tech,41,Lambuth College,0,W,"Ruston, LA",LA,,,,,,41
10/26/1934,Louisiana Tech,0,Northwestern State,6,L,"Natchitoches, LA",LA,,,,,,6
11/3/1934,Louisiana Tech,7,Millsaps College,13,L,"Ruston, LA",LA,,,,,,20
11/10/1934,Louisiana Tech,0,Mississippi College,32,L,"Vicksburg, MS",MS,,,,,,32
11/17/1934,Louisiana Tech,26,Delta State,0,W,"Cleveland, MS",MS,,,,,,26
11/24/1934,Louisiana Tech,0,Louisiana College,13,L,"Ruston, LA",LA,,,,,,13
10/4/1935,Louisiana Tech,44,Tennessee Tech,0,W,"Ruston, LA",LA,first night game in Tech history,,,,,44
10/11/1935,Louisiana Tech,25,UL-Lafayette,0,W,"Ruston, LA",LA,,,,,,25
10/19/1935,Louisiana Tech,27,Union (TN),0,W,"Ruston, LA",LA,,,,,,27
10/26/1935,Louisiana Tech,32,Northwestern State,0,W,"Ruston, LA",LA,,,,,,32
11/2/1935,Louisiana Tech,20,Millsaps College,21,L,"Ruston, LA",LA,,,,,,41
11/9/1935,Louisiana Tech,21,Mississippi College,7,W,"Ruston, LA",LA,,,,,,28
11/23/1935,Louisiana Tech,25,Louisiana College,7,W,"Pineville, LA",LA,,,,,,32
11/28/1935,Louisiana Tech,27,Southern Miss,0,W,"Ruston, LA",LA,,,,,,27
12/14/1935,Louisiana Tech,32,Tampa,7,W,"Tampa, FL",FL,,,,,,39
10/2/1936,Louisiana Tech,44,Memphis,0,W,"Ruston, LA",LA,,,,,,44
10/8/1936,Louisiana Tech,20,UL-Lafayette,7,W,Lafayette. LA,LA,,,,,,27
10/16/1936,Louisiana Tech,7,Southern Miss,12,L,"Ruston, LA",LA,,,,,,19
10/24/1936,Louisiana Tech,32,Northwestern State,0,W,"Natchitoches, LA",LA,,,,,,32
10/31/1936,Louisiana Tech,13,Tulane,22,L,"Natchitoches, LA",LA,,,,,,35
11/6/1936,Louisiana Tech,6,Tampa,0,W,"New Orleans, LA",LA,,,,,,6
11/14/1936,Louisiana Tech,13,Millsaps College,0,W,"Ruston, LA",LA,,,,,,13
11/21/1936,Louisiana Tech,6,Louisiana College,6,T,"Ruston, LA",LA,,,,,,12
11/26/1936,Louisiana Tech,12,Illinois Wesleyan,0,W,"Ruston, LA",LA,,,,,,12
9/17/1937,Louisiana Tech,27,Oklahoma City,6,W,"Ruston, LA",LA,,,,,,33
9/25/1937,Louisiana Tech,0,Ole Miss,13,L,"Oxford, MS",MS,,,,,,13
10/2/1937,Louisiana Tech,0,Illinois Wesleyan,2,L,"Ruston, LA",LA,,,,,,2
10/8/1937,Louisiana Tech,7,Millsaps College,0,W,"Ruston, LA",LA,,,,,,7
10/15/1937,Louisiana Tech,7,Southern Miss,0,W,"Ruston, LA",LA,,,,,,7
10/23/1937,Louisiana Tech,14,Northwestern State,0,W,"Shreveport, LA",LA,,,,,,14
11/6/1937,Louisiana Tech,26,Tampa,13,W,"Tampa, FL",FL,,,,,,39
11/12/1937,Louisiana Tech,0,UL-Lafayette,0,T,"Ruston, LA",LA,,,,,,0
11/20/1937,Louisiana Tech,12,Louisiana College,13,L,"Pineville, LA",LA,,,,,,25
11/25/1937,Louisiana Tech,20,South Dakota,6,W,"Ruston, LA",LA,,,,,,26
12/4/1937,Louisiana Tech,6,Centenary,7,L,"Ruston, LA",LA,,,,,,13
9/17/1938,Louisiana Tech,13,Mississippi College,26,L,"Ruston, LA",LA,,,,,,39
9/23/1938,Louisiana Tech,19,Millsaps College,7,W,"Ruston, LA",LA,,,,,,26
10/1/1938,Louisiana Tech,7,Ole Miss,27,L,"Oxford, MS",MS,,,,,,34
10/8/1938,Louisiana Tech,0,Mississippi State,48,L,"Starkville, MS",MS,,,,,,48
10/22/1938,Louisiana Tech,6,Northwestern State,7,L,"Shreveport, LA",LA,,,,,,13
10/28/1938,Louisiana Tech,6,Oklahoma City,7,L,"Oklahoma City, OK",OK,,,,,,13
11/4/1938,Louisiana Tech,7,UL-Lafayette,27,L,Lafayette. LA,LA,,,,,,34
11/11/1938,Louisiana Tech,7,Louisiana College,0,W,"Ruston, LA",LA,,,,,,7
11/19/1938,Louisiana Tech,26,Cornell College,0,W,"Ruston, LA",LA,,,,,,26
11/22/1938,Louisiana Tech,7,Centenary,14,L,"Shreveport, LA",LA,,,,,,21
12/3/1938,Louisiana Tech,0,Southeastern Louisiana,0,T,"Ruston, LA",LA,,,,,,0
9/16/1939,Louisiana Tech,32,Arkansas-Monticello,0,W,"Ruston, LA",LA,,,,,,32
9/23/1939,Louisiana Tech,12,Illinois Wesleyan,7,W,"Ruston, LA",LA,,,,,,19
9/29/1939,Louisiana Tech,39,Jacksonville State,0,W,"Ruston, LA",LA,,,,,,39
10/7/1939,Louisiana Tech,7,WKU,20,L,"Bowling Green, KY",KY,,,,,,27
10/13/1939,Louisiana Tech,6,Birmingham-Southern,7,L,"Birmingham, AL",AL,,,,,,13
10/21/1939,Louisiana Tech,0,Northwestern State,26,L,"Shreveport, LA",LA,,,,,,26
10/28/1939,Louisiana Tech,13,Tampa,0,W,"Ruston, LA",LA,,,,,,13
11/4/1939,Louisiana Tech,6,UL-Lafayette,12,L,"Ruston, LA",LA,,,,,,18
11/11/1939,Louisiana Tech,10,Louisiana College,9,W,"Pineville, LA",LA,,,,,,19
11/18/1939,Louisiana Tech,0,UTEP,27,L,"El Paso, TX",TX,,,,,,27
12/9/1939,Louisiana Tech,0,Centenary,19,L,"Ruston, LA",LA,,,,,,19
9/21/1940,Louisiana Tech,7,LSU,39,L,"Baton Rouge, LA",LA,,,,,,46
9/26/1940,Louisiana Tech,0,Ouachita Baptist,17,L,"El Dorado, AR",AR,,,,,,17
10/4/1940,Louisiana Tech,19,UTEP,7,W,"Ruston, LA",LA,,,,,,26
10/11/1940,Louisiana Tech,7,WKU,6,W,"Ruston, LA",LA,,,,,,13
10/19/1940,Louisiana Tech,0,Northwestern State,13,L,"Shreveport, LA",LA,,,,,,13
10/25/1940,Louisiana Tech,20,Illinois Wesleyan,14,W,"Ruston, LA",LA,,,,,,34
11/1/1940,Louisiana Tech,6,UL-Lafayette,7,L,Lafayette. LA,LA,,,,,,13
11/9/1940,Louisiana Tech,15,Louisiana College,6,W,"Ruston, LA",LA,,,,,,21
11/15/1940,Louisiana Tech,26,Southeastern Louisiana,6,W,"Ruston, LA",LA,,,,,,32
11/28/1940,Louisiana Tech,6,Centenary,0,W,"Shreveport, LA",LA,,,,,,6
9/20/1941,Louisiana Tech,0,LSU,25,L,"Baton Rouge, LA",LA,,,,,,25
9/27/1941,Louisiana Tech,0,UTEP,0,T,"El Paso, TX",TX,,,,,,0
10/3/1941,Louisiana Tech,7,Southern Miss,19,L,"Ruston, LA",LA,,,,,,26
10/11/1941,Louisiana Tech,0,Auburn,34,L,"Auburn, AL",AL,,,,,,34
10/18/1941,Louisiana Tech,10,Northwestern State,0,W,"Shreveport, LA",LA,,,,,,10
10/25/1941,Louisiana Tech,21,Southeastern Louisiana,14,W,"Hammond, LA",LA,,,,,,35
10/31/1941,Louisiana Tech,12,UL-Lafayette,0,W,"Ruston, LA",LA,,,,,,12
11/8/1941,Louisiana Tech,45,Louisiana College,0,W,"Pineville, LA",LA,,,,,,45
11/15/1941,Louisiana Tech,0,Hardin-Simmons,13,L,"Ruston, LA",LA,,,,,,13
11/27/1941,Louisiana Tech,39,Centenary,7,W,"Ruston, LA",LA,,,,,,46
9/25/1942,Louisiana Tech,20,UTEP,0,W,"Ruston, LA",LA,,,,,,20
10/2/1942,Louisiana Tech,45,Waco Army,0,W,"Shreveport, LA",LA,,,,,,45
10/9/1942,Louisiana Tech,26,Marshall,0,W,"Ruston, LA",LA,,,,,,26
10/16/1942,Louisiana Tech,46,Sam Houston State,0,W,"Ruston, LA",LA,,,,,,46
10/24/1942,Louisiana Tech,6,Northwestern State,10,L,"Shreveport, LA",LA,,,,,,16
10/30/1942,Louisiana Tech,7,UL-Lafayette,12,L,Lafayette. LA,LA,,,,,,19
11/7/1942,Louisiana Tech,56,Southeastern Louisiana,14,W,"Ruston, LA",LA,,,,,,70
11/14/1942,Louisiana Tech,13,Hardin-Simmons,47,L,"Abilene, TX",TX,,,,,,60
11/21/1942,Louisiana Tech,33,Memphis,7,W,"Memphis, TN",TN,,,,,,40
9/16/1944,Louisiana Tech,0,Southwestern (Texas),26,L,"Ruston, LA",LA,,,,,,26
9/23/1944,Louisiana Tech,6,Selman AAF,13,L,"Ruston, LA",LA,,,,,,19
10/7/1944,Louisiana Tech,0,Ft. Benning (Georgia),33,L,"Ruston, LA",LA,,,,,,33
10/14/1944,Louisiana Tech,0,UL-Lafayette,15,L,"Ruston, LA",LA,,,,,,15
10/28/1944,Louisiana Tech,21,Northwestern State,7,W,"Natchitoches, LA",LA,,,,,,28
11/4/1944,Louisiana Tech,14,Arkansas-Monticello,20,L,"Ruston, LA",LA,,,,,,34
11/11/1944,Louisiana Tech,0,Northwestern State,0,T,"Ruston, LA",LA,,,,,,0
11/18/1944,Louisiana Tech,7,UL-Lafayette,0,W,Lafayette. LA,LA,,,,,,7
9/22/1945,Louisiana Tech,7,Lake Charles AAF,2,W,"Ruston, LA",LA,,,,,,9
9/29/1945,Louisiana Tech,32,Samford,6,W,"Ruston, LA",LA,,,,,,38
10/5/1945,Louisiana Tech,14,UL-Lafayette,12,W,Lafayette. LA,LA,,,,,,26
10/13/1945,Louisiana Tech,21,Ole Miss,26,L,"Oxford, MS",MS,,,,,,47
10/20/1945,Louisiana Tech,20,Southwestern (Texas),14,W,"Georgetown, TX",TX,,,,,,34
10/27/1945,Louisiana Tech,18,Northwestern State,7,W,"Ruston, LA",LA,,,,,,25
11/3/1945,Louisiana Tech,7,Barksdale Air Force,12,L,"Ruston, LA",LA,,,,,,19
11/10/1945,Louisiana Tech,7,Northwestern State,2,W,"Natchitoches, LA",LA,,,,,,9
11/17/1945,Louisiana Tech,7,UL-Lafayette,13,L,"Ruston, LA",LA,,,,,,20
11/24/1945,Louisiana Tech,0,Auburn,29,L,"Auburn, AL",AL,,,,,,29
9/21/1946,Louisiana Tech,6,Southern Miss,7,L,"Hattiesburg, MS",MS,,,,,,13
9/28/1946,Louisiana Tech,13,Howard Payne,7,W,"Brownwood, TX",TX,,,,,,20
10/5/1946,Louisiana Tech,33,Louisiana College,6,W,"Ruston, LA",LA,,,,,,39
10/12/1946,Louisiana Tech,38,Central Arkansas,0,W,"Ruston, LA",LA,,,,,,38
10/19/1946,Louisiana Tech,7,Ole Miss,6,W,"Oxford, MS",MS,,,,,,13
10/26/1946,Louisiana Tech,14,Northwestern State,7,W,"Shreveport, LA",LA,,,,,,21
11/2/1946,Louisiana Tech,34,UL-Lafayette,6,W,Lafayette. LA,LA,,,,,,40
11/8/1946,Louisiana Tech,14,Southeastern Louisiana,22,L,"Ruston, LA",LA,,,,,,36
11/15/1946,Louisiana Tech,2,Oklahoma City,6,L,"Ruston, LA",LA,,,,,,8
11/30/1946,Louisiana Tech,34,Southwestern (Texas),20,W,"Ruston, LA",LA,,,,,,54
9/27/1947,Louisiana Tech,0,Howard Payne,14,L,"Ruston, LA",LA,,,,,,14
10/4/1947,Louisiana Tech,0,Auburn,14,L,"Auburn, AL",AL,,,,,,14
10/11/1947,Louisiana Tech,6,Southern Miss,7,L,"Ruston, LA",LA,,,,,,13
10/18/1947,Louisiana Tech,30,Louisiana College,12,W,"Alexandria, LA",LA,,,,,,42
10/25/1947,Louisiana Tech,24,Northwestern State,0,W,"Shreveport, LA",LA,,,,,,24
11/1/1947,Louisiana Tech,9,UL-Lafayette,0,W,"Ruston, LA",LA,,,,,,9
11/8/1947,Louisiana Tech,20,Southeastern Louisiana,18,W,"Hammond, LA",LA,,,,,,38
11/15/1947,Louisiana Tech,13,Oklahoma City,28,L,"Oklahoma City, OK",OK,,,,,,41
11/27/1947,Louisiana Tech,52,Centenary,14,W,"Ruston, LA",LA,,,,,,66
9/18/1948,Louisiana Tech,20,Howard Payne,0,W,"Brownwood, TX",TX,,,,,,20
9/25/1948,Louisiana Tech,17,Bradley,14,W,"Ruston, LA",LA,,,,,,31
10/2/1948,Louisiana Tech,13,Auburn,13,T,"Auburn, AL",AL,,,,,,26
10/9/1948,Louisiana Tech,33,Houston,40,L,"Houston, TX",TX,,,,,,73
10/16/1948,Louisiana Tech,21,Louisiana College,7,W,"Ruston, LA",LA,,,,,,28
10/23/1948,Louisiana Tech,10,Northwestern State,7,W,"Shreveport, LA",LA,,,,,,17
10/30/1948,Louisiana Tech,24,UL-Lafayette,14,W,Lafayette. LA,LA,,,,,,38
11/6/1948,Louisiana Tech,19,Southeastern Louisiana,13,W,"Ruston, LA",LA,,,,,,32
11/13/1948,Louisiana Tech,6,Southern Miss,20,L,"Hattiesburg, MS",MS,,,,,,26
11/25/1948,Louisiana Tech,20,Memphis,14,W,"Ruston, LA",LA,,,,,,34
9/17/1949,Louisiana Tech,19,Howard Payne,22,L,"Brownwood, TX",TX,,,,,,41
9/24/1949,Louisiana Tech,18,Bradley,20,L,"Peoria, IL",IL,,,,,,38
10/1/1949,Louisiana Tech,20,Southwestern (Texas),0,W,"Ruston, LA",LA,,,,,,20
10/15/1949,Louisiana Tech,26,Louisiana College,7,W,"Pineville, LA",LA,,,,,,33
10/21/1949,Louisiana Tech,28,Northwestern State,21,W,"Shreveport, LA",LA,,,,,,49
10/29/1949,Louisiana Tech,21,UL-Lafayette,0,W,"Ruston, LA",LA,,,,,,21
11/5/1949,Louisiana Tech,20,Southeastern Louisiana,14,W,"Hammond, LA",LA,,,,,,34
11/12/1949,Louisiana Tech,34,Southern Miss,13,W,"Ruston, LA",LA,,,,,,47
11/19/1949,Louisiana Tech,45,Oklahoma City,0,W,"Ruston, LA",LA,,,,,,45
9/23/1950,Louisiana Tech,27,Howard Payne,20,W,"Ruston, LA",LA,,,,,,47
9/30/1950,Louisiana Tech,0,Texas A&M-Commerce,0,T,"Chattanooga, TN",TN,,,,,,0
10/7/1950,Louisiana Tech,21,Stephen F. Austin,6,W,"Nacogdoches, TX",TX,,,,,,27
10/14/1950,Louisiana Tech,21,Xavier (Ohio),35,L,"Cincinnati, OH",OH,,,,,,56
10/21/1950,Louisiana Tech,15,Northwestern State,7,W,"Shreveport, LA",LA,,,,,,22
10/28/1950,Louisiana Tech,21,Louisiana College,9,W,"Ruston, LA",LA,,,,,,30
11/4/1950,Louisiana Tech,13,UL-Lafayette,41,L,Lafayette. LA,LA,,,,,,54
11/11/1950,Louisiana Tech,14,Southeastern Louisiana,0,W,"Ruston, LA",LA,,,,,,14
11/18/1950,Louisiana Tech,20,Southern Miss,41,L,"Hattiesburg, MS",MS,,,,,,61
12/1/1950,Louisiana Tech,0,Memphis,6,L,"Ruston, LA",LA,,,,,,6
9/22/1951,Louisiana Tech,34,Howard Payne,27,W,"Brownwood, TX",TX,,,,,,61
9/29/1951,Louisiana Tech,7,Texas A&M-Commerce,27,L,"Ruston, LA",LA,,,,,,34
10/6/1951,Louisiana Tech,14,Memphis,26,L,"Memphis, TN",TN,,,,,,40
10/13/1951,Louisiana Tech,40,SE Oklahoma State,6,W,"Durant, OK",OK,,,,,,46
10/21/1951,Louisiana Tech,21,Northwestern State,6,W,"Shreveport, LA",LA,,,,,,27
10/27/1951,Louisiana Tech,20,Louisiana College,14,W,"Pineville, LA",LA,,,,,,34
11/3/1951,Louisiana Tech,7,UL-Lafayette,34,L,"Ruston, LA",LA,,,,,,41
11/10/1951,Louisiana Tech,7,Southeastern Louisiana,19,L,"Hammond, LA",LA,,,,,,26
11/17/1951,Louisiana Tech,7,Southern Miss,33,L,"Ruston, LA",LA,,,,,,40
9/20/1952,Louisiana Tech,6,McNeese State,0,W,"Ruston, LA",LA,,,,,,6
9/27/1952,Louisiana Tech,32,Florida State,13,W,"Tallahassee, FL",FL,,,,,,45
10/4/1952,Louisiana Tech,26,Memphis,7,W,"Ruston, LA",LA,,,,,,33
10/11/1952,Louisiana Tech,34,Central Oklahoma,6,W,"Ruston, LA",LA,,,,,,40
10/18/1952,Louisiana Tech,22,Northwestern State,0,W,"Shreveport, LA",LA,,,,,,22
10/25/1952,Louisiana Tech,35,Louisiana College,13,W,"Ruston, LA",LA,,,,,,48
11/1/1952,Louisiana Tech,19,UL-Lafayette,19,T,Lafayette. LA,LA,,,,,,38
11/8/1952,Louisiana Tech,7,Southeastern Louisiana,7,T,"Ruston, LA",LA,,,,,,14
11/15/1952,Louisiana Tech,0,Southern Miss,52,L,"Hattiesburg, MS",MS,,,,,,52
9/19/1953,Louisiana Tech,20,Louisiana College,6,W,"Pineville, LA",LA,,,,,,26
9/26/1953,Louisiana Tech,61,ULM,6,W,"Ruston, LA",LA,,,,,,67
10/3/1953,Louisiana Tech,7,Memphis,13,L,"Memphis, TN",TN,,,,,,20
10/17/1953,Louisiana Tech,32,Florida State,21,W,"Ruston, LA",LA,,,,,,53
10/23/1953,Louisiana Tech,7,Northwestern State,15,L,"Shreveport, LA",LA,,,,,,22
10/31/1953,Louisiana Tech,27,UL-Lafayette,7,W,"Ruston, LA",LA,,,,,,34
11/7/1953,Louisiana Tech,12,Southeastern Louisiana,0,W,"Ruston, LA",LA,,,,,,12
11/14/1953,Louisiana Tech,0,Southern Miss,30,L,"Ruston, LA",LA,,,,,,30
11/28/1953,Louisiana Tech,56,McNeese State,21,W,"Lake Charles, LA",LA,,,,,,77
9/18/1954,Louisiana Tech,27,Louisiana College,0,W,"Ruston, LA",LA,,,,,,27
9/25/1954,Louisiana Tech,0,Southern Miss,28,L,"Hattiesburg, MS",MS,,,,,,28
10/9/1954,Louisiana Tech,21,McNeese State,10,W,"Ruston, LA",LA,,,,,,31
10/16/1954,Louisiana Tech,13,Howard Payne,7,W,"Ruston, LA",LA,,,,,,20
10/23/1954,Louisiana Tech,13,Northwestern State,6,W,"Shreveport, LA",LA,,,,,,19
10/30/1954,Louisiana Tech,0,UL-Lafayette,25,L,Lafayette. LA,LA,,,,,,25
11/6/1954,Louisiana Tech,24,Southeastern Louisiana,35,L,"Ruston, LA",LA,,,,,,59
11/13/1954,Louisiana Tech,40,Austin College,14,W,"Ruston, LA",LA,,,,,,54
11/20/1954,Louisiana Tech,51,ULM,6,W,"Monroe, LA",LA,,,,,,57
9/17/1955,Louisiana Tech,39,Louisiana College,7,W,"Pineville, LA",LA,,,,,,46
9/24/1955,Louisiana Tech,6,Southern Miss,7,L,"Ruston, LA",LA,,,,,,13
10/1/1955,Louisiana Tech,21,Abilene Christian,7,W,"Ruston, LA",LA,,,,,,28
10/8/1955,Louisiana Tech,14,McNeese State,0,W,"Lake Charles, LA",LA,,,,,,14
10/15/1955,Louisiana Tech,26,Howard Payne,7,W,"Brownwood, TX",TX,,,,,,33
10/22/1955,Louisiana Tech,21,Northwestern State,20,W,"Shreveport, LA",LA,,,,,,41
10/29/1955,Louisiana Tech,28,UL-Lafayette,14,W,"Ruston, LA",LA,,,,,,42
11/5/1955,Louisiana Tech,21,Southeastern Louisiana,0,W,"Hammond, LA",LA,,,,,,21
11/12/1955,Louisiana Tech,40,Austin College,21,W,"Ruston, LA",LA,,,,,,61
11/19/1955,Louisiana Tech,34,ULM,14,W,"Ruston, LA",LA,,,,,,48
9/15/1956,Louisiana Tech,0,Louisiana College,0,T,"Ruston, LA",LA,,,,,,0
9/22/1956,Louisiana Tech,0,Southern Miss,14,L,"Hattiesburg, MS",MS,,,,,,14
9/29/1956,Louisiana Tech,37,Stephen F. Austin,14,W,"Ruston, LA",LA,,,,,,51
10/6/1956,Louisiana Tech,6,McNeese State,0,W,"Ruston, LA",LA,,,,,,6
10/13/1956,Louisiana Tech,13,Arkansas State,21,L,"Jonesboro, AR",AR,,,,,,34
10/20/1956,Louisiana Tech,0,Northwestern State,0,T,"Shreveport, LA",LA,,,,,,0
10/27/1956,Louisiana Tech,33,UL-Lafayette,6,W,Lafayette. LA,LA,,,,,,39
11/3/1956,Louisiana Tech,12,Southeastern Louisiana,6,W,"Ruston, LA",LA,,,,,,18
11/17/1956,Louisiana Tech,0,ULM,7,L,"Monroe, LA",LA,,,,,,7
9/21/1957,Louisiana Tech,0,Southern Miss,7,L,"Ruston, LA",LA,,,,,,7
9/28/1957,Louisiana Tech,19,Stephen F. Austin,13,W,"Nacogdoches, TX",TX,,,,,,32
10/5/1957,Louisiana Tech,6,McNeese State,13,L,"Lake Charles, LA",LA,,,,,,19
10/12/1957,Louisiana Tech,28,UL-Lafayette,13,W,"Ruston, LA",LA,,,,,,41
10/19/1957,Louisiana Tech,20,Northwestern State,13,W,"Shreveport, LA",LA,,,,,,33
10/26/1957,Louisiana Tech,25,Arkansas State,19,W,"Ruston, LA",LA,,,,,,44
11/2/1957,Louisiana Tech,24,McMurry College,26,L,"Abilene, TX",TX,,,,,,50
11/9/1957,Louisiana Tech,21,Southeastern Louisiana,14,W,"Hammond, LA",LA,,,,,,35
11/16/1957,Louisiana Tech,7,Memphis,17,L,"Ruston, LA",LA,,,,,,24
11/23/1957,Louisiana Tech,15,ULM,6,W,"Ruston, LA",LA,,,,,,21
9/20/1958,Louisiana Tech,0,Southern Miss,14,L,"Hattiesburg, MS",MS,,,,,,14
9/27/1958,Louisiana Tech,14,Arkansas State,7,W,"Jonesboro, AR",AR,,,,,,21
10/4/1958,Louisiana Tech,17,McNeese State,0,W,"Ruston, LA",LA,,,,,,17
10/11/1958,Louisiana Tech,33,UL-Lafayette,0,W,Lafayette. LA,LA,,,,,,33
10/18/1958,Louisiana Tech,14,Northwestern State,18,L,"Shreveport, LA",LA,,,,,,32
10/25/1958,Louisiana Tech,40,Arkansas-Monticello,0,W,"Ruston, LA",LA,,,,,,40
11/1/1958,Louisiana Tech,12,Memphis,26,L,"Memphis, TN",TN,,,,,,38
11/8/1958,Louisiana Tech,10,Southeastern Louisiana,6,W,"Ruston, LA",LA,,,,,,16
11/15/1958,Louisiana Tech,20,McMurry College,12,W,"Ruston, LA",LA,,,,,,32
11/22/1958,Louisiana Tech,46,ULM,21,W,"Monroe, LA",LA,,,,,,67
9/19/1959,Louisiana Tech,6,Lamar,13,L,"Beaumont, TX",TX,,,,,,19
9/26/1959,Louisiana Tech,35,Arkansas State,0,W,"Ruston, LA",LA,,,,,,35
10/3/1959,Louisiana Tech,28,McNeese State,0,W,"Lake Charles, LA",LA,,,,,,28
10/10/1959,Louisiana Tech,21,UL-Lafayette,13,W,"Ruston, LA",LA,,,,,,34
10/24/1959,Louisiana Tech,27,Northwestern State,14,W,"Shreveport, LA",LA,,,,,,41
10/31/1959,Louisiana Tech,7,Pensacola Naval Air,0,W,"Pensacola, FL",FL,,,,,,7
11/7/1959,Louisiana Tech,14,Southeastern Louisiana,0,W,"Hammond, LA",LA,,,,,,14
11/14/1959,Louisiana Tech,10,Memphis,8,W,"Ruston, LA",LA,,,,,,18
11/21/1959,Louisiana Tech,27,ULM,0,W,"Ruston, LA",LA,,,,,,27
11/28/1959,Louisiana Tech,16,Southern Miss,0,W,"Ruston, LA",LA,,,,,,16
9/17/1960,Louisiana Tech,20,Lamar,0,W,"Ruston, LA",LA,,,,,,20
9/24/1960,Louisiana Tech,3,Arkansas State,7,L,"Jonesboro, AR",AR,,,,,,10
10/1/1960,Louisiana Tech,15,McNeese State,14,W,"Ruston, LA",LA,,,,,,29
10/8/1960,Louisiana Tech,2,UL-Lafayette,6,L,Lafayette. LA,LA,,,,,,8
10/15/1960,Louisiana Tech,28,Pensacola Naval Air,19,W,"Ruston, LA",LA,,,,,,47
10/22/1960,Louisiana Tech,13,Northwestern State,7,W,"Shreveport, LA",LA,,,,,,20
10/29/1960,Louisiana Tech,23,McMurry College,7,W,"Ruston, LA",LA,,,,,,30
11/5/1960,Louisiana Tech,17,Southeastern Louisiana,14,W,"Ruston, LA",LA,,,,,,31
11/12/1960,Louisiana Tech,10,Southern Miss,7,W,"Hattiesburg, MS",MS,,,,,,17
11/19/1960,Louisiana Tech,20,ULM,15,W,"Monroe, LA",LA,,,,,,35
9/23/1961,Louisiana Tech,47,Arkansas State,8,W,"Ruston, LA",LA,,,,,,55
9/30/1961,Louisiana Tech,21,McNeese State,16,W,"Lake Charles, LA",LA,,,,,,37
10/7/1961,Louisiana Tech,12,UL-Lafayette,0,W,"Ruston, LA",LA,,,,,,12
10/14/1961,Louisiana Tech,7,UT-Arlington,8,L,"Arlington, TX",TX,,,,,,15
10/21/1961,Louisiana Tech,7,Northwestern State,19,L,"Shreveport, LA",LA,,,,,,26
10/28/1961,Louisiana Tech,21,Tennessee Tech,10,W,"Cookeville, TN",TN,,,,,,31
11/4/1961,Louisiana Tech,14,Southeastern Louisiana,34,L,"Hammond, LA",LA,,,,,,48
11/11/1961,Louisiana Tech,0,Southern Miss,7,L,"Ruston, LA",LA,,,,,,7
11/18/1961,Louisiana Tech,27,ULM,7,W,"Ruston, LA",LA,,,,,,34
9/29/1962,Louisiana Tech,14,McNeese State,6,W,"Ruston, LA",LA,,,,,,20
10/6/1962,Louisiana Tech,6,UL-Lafayette,13,L,Lafayette. LA,LA,,,,,,19
10/13/1962,Louisiana Tech,19,UT-Arlington,9,W,"Ruston, LA",LA,,,,,,28
10/20/1962,Louisiana Tech,2,Northwestern State,19,L,"Shreveport, LA",LA,,,,,,21
10/27/1962,Louisiana Tech,33,Tennessee Tech,20,W,"Ruston, LA",LA,,,,,,53
11/3/1962,Louisiana Tech,27,Southeastern Louisiana,15,W,"Ruston, LA",LA,,,,,,42
11/10/1962,Louisiana Tech,6,ULM,13,L,"Monroe, LA",LA,,,,,,19
11/17/1962,Louisiana Tech,18,Southern Miss,29,L,"Hattiesburg, MS",MS,,,,,,47
9/28/1963,Louisiana Tech,6,McNeese State,27,L,"Lake Charles, LA",LA,,,,,,33
10/5/1963,Louisiana Tech,12,Louisiana College,6,W,"Ruston, LA",LA,,,,,,18
10/12/1963,Louisiana Tech,45,UL-Lafayette,0,W,"Ruston, LA",LA,,,,,,45
10/18/1963,Louisiana Tech,27,Northwestern State,13,W,"Shreveport, LA",LA,,,,,,40
10/26/1963,Louisiana Tech,34,UT-Arlington,14,W,"Arlington, TX",TX,,,,,,48
11/2/1963,Louisiana Tech,19,Tennessee Tech,21,L,"Cookeville, TN",TN,,,,,,40
11/9/1963,Louisiana Tech,7,Southeastern Louisiana,15,L,"Hammond, LA",LA,,,,,,22
11/16/1963,Louisiana Tech,10,Southern Miss,0,W,"Ruston, LA",LA,,,,,,10
11/23/1963,Louisiana Tech,28,ULM,7,W,"Ruston, LA",LA,,,,,,35
9/19/1964,Louisiana Tech,8,Louisiana College,7,W,"Pineville, LA",LA,,,,,,15
9/26/1964,Louisiana Tech,10,McNeese State,6,W,"Ruston, LA",LA,,,,,,16
10/3/1964,Louisiana Tech,15,Texas A&M-Commerce,7,W,"Ruston, LA",LA,,,,,,22
10/10/1964,Louisiana Tech,6,UL-Lafayette,3,W,Lafayette. LA,LA,,,,,,9
10/17/1964,Louisiana Tech,19,UT-Arlington,7,W,"Ruston, LA",LA,,,,,,26
10/23/1964,Louisiana Tech,16,Northwestern State,7,W,"Shreveport, LA",LA,,,,,,23
10/31/1964,Louisiana Tech,25,Tennessee Tech,6,W,"Ruston, LA",LA,,,,,,31
11/7/1964,Louisiana Tech,28,Southeastern Louisiana,7,W,"Ruston, LA",LA,,,,,,35
11/14/1964,Louisiana Tech,7,Southern Miss,14,L,"Hattiesburg, MS",MS,,,,,,21
11/21/1964,Louisiana Tech,23,ULM,0,W,"Monroe, LA",LA,,,,,,23
9/18/1965,Louisiana Tech,0,Rice,14,L,"Houston, TX",TX,,,,,,14
10/2/1965,Louisiana Tech,14,McNeese State,20,L,"Lake Charles, LA",LA,,,,,,34
10/9/1965,Louisiana Tech,8,UL-Lafayette,16,L,"Ruston, LA",LA,,,,,,24
10/23/1965,Louisiana Tech,42,Northwestern State,14,W,"Shreveport, LA",LA,,,,,,56
10/30/1965,Louisiana Tech,20,Tennessee Tech,6,W,"Ruston, LA",LA,,,,,,26
11/6/1965,Louisiana Tech,16,Southeastern Louisiana,14,W,"Hammond, LA",LA,,,,,,30
11/13/1965,Louisiana Tech,7,Southern Miss,31,L,"Ruston, LA",LA,,,,,,38
11/20/1965,Louisiana Tech,52,ULM,7,W,"Ruston, LA",LA,,,,,,59
9/17/1966,Louisiana Tech,0,Southern Miss,14,L,"Hattiesburg, MS",MS,,,,,,14
9/24/1966,Louisiana Tech,0,Alabama,34,L,"Birmingham, AL",AL,,,,,,34
10/1/1966,Louisiana Tech,7,McNeese State,10,L,"Ruston, LA",LA,,,,,,17
10/8/1966,Louisiana Tech,13,Arkansas State,26,L,"Jonesboro, AR",AR,,,,,,39
10/15/1966,Louisiana Tech,12,UL-Lafayette,21,L,Lafayette. LA,LA,,,,,,33
10/22/1966,Louisiana Tech,7,Northwestern State,28,L,"Shreveport, LA",LA,,,,,,35
10/29/1966,Louisiana Tech,9,Tennessee Tech,21,L,"Cookeville, TN",TN,,,,,,30
11/5/1966,Louisiana Tech,13,Southeastern Louisiana,6,W,"Ruston, LA",LA,,,,,,19
11/12/1966,Louisiana Tech,16,Lamar,31,L,"Beaumont, TX",TX,,,,,,47
11/19/1966,Louisiana Tech,6,ULM,14,L,"Monroe, LA",LA,,,,,,20
9/16/1967,Louisiana Tech,34,Delta State,7,W,"Cleveland, MS",MS,,,,,,41
9/30/1967,Louisiana Tech,12,McNeese State,20,L,"Lake Charles, LA",LA,,,,,,32
10/7/1967,Louisiana Tech,14,UL-Lafayette,20,L,"Ruston, LA",LA,,,,,,34
10/14/1967,Louisiana Tech,6,Arkansas State,3,W,"Ruston, LA",LA,,,,,,9
10/21/1967,Louisiana Tech,0,Northwestern State,7,L,"Shreveport, LA",LA,,,,,,7
10/28/1967,Louisiana Tech,7,New Mexico State,48,L,"Las Cruces, NM",NM,,,,,,55
11/4/1967,Louisiana Tech,21,Southeastern Louisiana,27,L,"Hammond, LA",LA,,,,,,48
11/11/1967,Louisiana Tech,41,Lamar,31,W,"Ruston, LA",LA,,,,,,72
11/18/1967,Louisiana Tech,14,ULM,21,L,"Ruston, LA",LA,,,,,,35
11/23/1967,Louisiana Tech,7,Southern Miss,58,L,"Shreveport, LA",LA,,,,,,65
9/21/1968,Louisiana Tech,20,Mississippi State,13,W,"Starkville, MS",MS,Joe Aillet Stadium opens,,,,,33
9/28/1968,Louisiana Tech,35,East Carolina,7,W,"Ruston, LA",LA,,,,,,42
10/5/1968,Louisiana Tech,20,Mcneese State,27,L,"Ruston, LA",LA,,,,,,47
10/12/1968,Louisiana Tech,24,UL-Lafayette,28,L,Lafayette. LA,LA,,,,,,52
10/19/1968,Louisiana Tech,42,Northwestern State,39,W,"Shreveport, LA",LA,,,,,,81
11/2/1968,Louisiana Tech,27,southern Miss,20,W,"Hattiesburg, MS",MS,,,,,,47
11/9/1968,Louisiana Tech,35,Southeastern Louisiana,7,W,"Ruston, LA",LA,,,,,,42
11/16/1968,Louisiana Tech,34,Lamar,7,W,"Beaumont, TX",TX,,,,,,41
11/23/1968,Louisiana Tech,25,ULM,10,W,"Monroe, LA",LA,,,,,,35
11/28/1968,Louisiana Tech,42,New Mexico State,24,W,"Ruston, LA",LA,,,,,,66
12/13/1968,Louisiana Tech,33,Akron,13,W,"Murfreesboro, TN",TN,Grantland Rice Bowl,,,,,46
9/27/1969,Louisiana Tech,24,East Carolina,6,W,"Greenville, NC",NC,,,,,,30
10/4/1969,Louisiana Tech,35,Mcneese State,18,W,"Lake Charles, LA",LA,,,,,,53
10/11/1969,Louisiana Tech,34,UL-Lafayette,21,W,"Ruston, LA",LA,,,,,,55
10/18/1969,Louisiana Tech,42,Northwestern State,21,W,"Shreveport, LA",LA,,,,,,63
10/25/1969,Louisiana Tech,23,Chattanooga,7,W,"Chattanooga, TN",TN,,,,,,30
11/1/1969,Louisiana Tech,23,Southern Miss,24,L,"Ruston, LA",LA,,,,,,47
11/8/1969,Louisiana Tech,25,Southeastern Louisiana,24,W,"Hammond, LA",LA,,,,,,49
11/15/1969,Louisiana Tech,77,Lamar,40,W,"Ruston, LA",LA,,,,,,117
11/22/1969,Louisiana Tech,34,ULM,6,W,"Ruston, LA",LA,,,,,,40
12/13/1969,Louisiana Tech,14,East Tennessee State,34,L,"Baton Rouge, LA",LA,Grantland Rice Bowl,,,,,48
9/19/1970,Louisiana Tech,28,Chattanooga,3,W,"Ruston, LA",LA,,,,,,31
9/26/1970,Louisiana Tech,0,Lamar,6,L,"Beaumont, TX",TX,,,,,,6
10/3/1970,Louisiana Tech,14,McNeese State,16,L,"Ruston, LA",LA,,,,,,30
10/10/1970,Louisiana Tech,10,UL-Lafayette,20,L,Lafayette. LA,LA,,,,,,30
10/17/1970,Louisiana Tech,17,Arkansas State,38,L,"Jonesboro, AR",AR,,,,,,55
10/24/1970,Louisiana Tech,17,Northwestern State,20,L,"Shreveport, LA",LA,,,,,,37
10/31/1970,Louisiana Tech,10,Tampa,14,L,"Ruston, LA",LA,,,,,,24
11/7/1970,Louisiana Tech,21,Southeastern Louisiana,24,L,"Ruston, LA",LA,,,,,,45
11/14/1970,Louisiana Tech,27,Southern Miss,6,W,"Hattiesburg, MS",MS,,,,,,33
11/21/1970,Louisiana Tech,21,ULM,28,L,"Monroe, LA",LA,,,,,,49
9/18/1971,Louisiana Tech,28,Tampa,20,W,"Tampa, FL",FL,,,,,,48
9/25/1971,Louisiana Tech,26,Lamar,7,W,"Ruston, LA",LA,,,,,,33
10/2/1971,Louisiana Tech,22,McNeese State,29,L,"Lake Charles, LA",LA,,,,,,51
10/9/1971,Louisiana Tech,35,UL-Lafayette,15,W,"Ruston, LA",LA,,,,,,50
10/16/1971,Louisiana Tech,28,Arkansas State,27,W,"Ruston, LA",LA,,,,,,55
10/23/1971,Louisiana Tech,33,Northwestern State,21,W,"Shreveport, LA",LA,,,,,,54
10/30/1971,Louisiana Tech,21,Southeastern Louisiana,9,W,"Hammond, LA",LA,,,,,,30
11/6/1971,Louisiana Tech,24,Chattanooga,20,W,"Chattanooga, TN",TN,,,,,,44
11/13/1971,Louisiana Tech,35,Southern Miss,24,W,"Ruston, LA",LA,,,,,,59
11/20/1971,Louisiana Tech,20,ULM,0,W,"Ruston, LA",LA,,,,,,20
12/11/1971,Louisiana Tech,23,Eastern Michigan,3,W,"Wichita Falls, TX",TX,,,,,,26
9/9/1972,Louisiana Tech,7,UL-Lafayette,0,W,Lafayette. LA,LA,,,,,,7
9/16/1972,Louisiana Tech,33,Southern Miss,14,W,"Hattiesburg, MS",MS,,,,,,47
9/23/1972,Louisiana Tech,34,McNeese State,17,W,"Ruston, LA",LA,,,,,,51
9/30/1972,Louisiana Tech,35,Abilene Christian,12,W,"Ruston, LA",LA,,,,,,47
10/7/1972,Louisiana Tech,35,UT-Arlington,14,W,"Arlington, TX",TX,,,,,,49
10/14/1972,Louisiana Tech,38,Arkansas State,17,W,"Little Rock, AR",AR,,,,,,55
10/21/1972,Louisiana Tech,20,Northwestern State,16,W,"Shreveport, LA",LA,,,,,,36
10/28/1972,Louisiana Tech,21,Southeastern Louisiana,0,W,"Ruston, LA",LA,,,,,,21
11/4/1972,Louisiana Tech,41,Northern Arizona,21,W,"Flagstaff, AZ",AZ,,,,,,62
11/11/1972,Louisiana Tech,24,Eastern Michigan,17,W,"Ruston, LA",LA,,,,,,41
11/18/1972,Louisiana Tech,10,ULM,6,W,"Monroe, LA",LA,,,,,,16
11/25/1972,Louisiana Tech,35,Tennessee Tech,0,W,"Baton Rouge, LA",LA,,,,,,35
9/15/1973,Louisiana Tech,19,Eastern Michigan,21,L,"Ypsilanti, MI",MI,,,,,,40
9/22/1973,Louisiana Tech,23,UL-Lafayette,0,W,"Ruston, LA",LA,,,,,,23
9/29/1973,Louisiana Tech,10,McNeese State,7,W,"Lake Charles, LA",LA,,,,,,17
10/6/1973,Louisiana Tech,37,Northern Arizona,7,W,"Ruston, LA",LA,,,,,,44
10/13/1973,Louisiana Tech,23,Arkansas State,7,W,"Ruston, LA",LA,,,,,,30
10/20/1973,Louisiana Tech,26,Northwestern State,7,W,"Shreveport, LA",LA,,,,,,33
10/27/1973,Louisiana Tech,26,Southeastern Louisiana,7,W,"Hammond, LA",LA,,,,,,33
11/3/1973,Louisiana Tech,44,UT-Arlington,0,W,"Ruston, LA",LA,,,,,,44
11/10/1973,Louisiana Tech,17,Lamar,3,W,"Beaumont, TX",TX,,,,,,20
11/17/1973,Louisiana Tech,40,ULM,0,W,"Ruston, LA",LA,,,,,,40
12/1/1973,Louisiana Tech,18,Western Illinois,13,W,"Ruston, LA",LA,,,,,,31
12/8/1973,Louisiana Tech,38,Boise State,34,W,"Wichita Falls, TX",TX,,,,,,72
12/15/1973,Louisiana Tech,34,WKU,0,W,"Sacramento, CA",CA,,,,,,34
9/7/1974,Louisiana Tech,16,Illinois State,7,W,"Ruston, LA",LA,,,,,,23
9/21/1974,Louisiana Tech,42,UT-Arlington,15,W,"Arlington, TX",TX,,,,,,57
9/28/1974,Louisiana Tech,20,Arkansas State,7,W,"Jonesboro, AR",AR,,,,,,27
10/12/1974,Louisiana Tech,35,UL-Lafayette,20,W,Lafayette. LA,LA,,,,,,55
10/19/1974,Louisiana Tech,34,Northwestern State,0,W,"Shreveport, LA",LA,,,,,,34
10/26/1974,Louisiana Tech,24,McNeese State,17,W,"Ruston, LA",LA,,,,,,41
11/2/1974,Louisiana Tech,34,Southeastern Louisiana,13,W,"Ruston, LA",LA,,,,,,47
11/9/1974,Louisiana Tech,28,Lamar,0,W,"Ruston, LA",LA,,,,,,28
11/16/1974,Louisiana Tech,35,Chattanooga,14,W,"Chattanooga, TN",TN,,,,,,49
11/23/1974,Louisiana Tech,26,ULM,10,W,"Monroe, LA",LA,,,,,,36
12/1/1974,Louisiana Tech,10,Western Carolina,7,W,"Ruston, LA",LA,,,,,,17
12/8/1974,Louisiana Tech,14,Central Michigan,35,L,"Wichita Falls, TX",TX,,,,,,49
9/13/1975,Louisiana Tech,21,McNeese State,14,W,"Lake Charles, LA",LA,,,,,,35
9/27/1975,Louisiana Tech,37,UT-Arlington,8,W,"Ruston, LA",LA,,,,,,45
10/4/1975,Louisiana Tech,24,Lamar,10,W,"Beaumont, TX",TX,,,,,,34
10/11/1975,Louisiana Tech,24,UL-Lafayette,14,W,"Ruston, LA",LA,,,,,,38
10/18/1975,Louisiana Tech,41,Northwestern State,14,W,"Shreveport, LA",LA,,,,,,55
10/25/1975,Louisiana Tech,14,Southern Miss,24,L,"Ruston, LA",LA,,,,,,38
11/1/1975,Louisiana Tech,33,Southeastern Louisiana,28,W,"Hammond, LA",LA,,,,,,61
11/8/1975,Louisiana Tech,41,ULM,23,W,"Ruston, LA",LA,,,,,,64
11/15/1975,Louisiana Tech,49,Chattanooga,20,W,"Ruston, LA",LA,,,,,,69
11/22/1975,Louisiana Tech,13,Arkansas State,30,L,"Ruston, LA",LA,,,,,,43
9/11/1976,Louisiana Tech,28,Ball State,41,L,"Muncie, IN",IN,,,,,,69
9/18/1976,Louisiana Tech,13,McNeese State,15,L,"Ruston, LA",LA,,,,,,28
9/25/1976,Louisiana Tech,27,Arkansas State,13,W,"Jonesboro, AR",AR,,,,,,40
10/2/1976,Louisiana Tech,26,UL-Lafayette,31,L,Lafayette. LA,LA,,,,,,57
10/9/1976,Louisiana Tech,35,UT-Arlington,56,L,"Arlington, TX",TX,,,,,,91
10/16/1976,Louisiana Tech,37,Lamar,7,W,"Ruston, LA",LA,,,,,,44
10/23/1976,Louisiana Tech,35,Northwestern State,6,W,"Shreveport, LA",LA,,,,,,41
10/30/1976,Louisiana Tech,8,North Texas,14,L,"Shreveport, LA",LA,,,,,,22
11/6/1976,Louisiana Tech,49,Chattanooga,7,W,"Chattanooga, TN",TN,,,,,,56
11/13/1976,Louisiana Tech,23,Southern Miss,22,W,"Ruston, LA",LA,,,,,,45
11/20/1976,Louisiana Tech,55,ULM,35,W,"Monroe, LA",LA,,,,,,90
9/10/1977,Louisiana Tech,56,Sacramento State,0,W,"Shreveport, LA",LA,,,,,,56
9/24/1977,Louisiana Tech,21,Illinois State,21,T,"Normal, IL",IL,,,,,,42
10/1/1977,Louisiana Tech,14,McNeese State,7,W,"Lake Charles, LA",LA,,,,,,21
10/8/1977,Louisiana Tech,21,UL-Lafayette,21,T,"Ruston, LA",LA,,,,,,42
10/15/1977,Louisiana Tech,20,Arkansas State,12,W,"Jonesboro, AR",AR,,,,,,32
10/22/1977,Louisiana Tech,30,Northwestern State,6,W,"Shreveport, LA",LA,,,,,,36
10/29/1977,Louisiana Tech,34,UT-Arlington,10,W,"Ruston, LA",LA,,,,,,44
11/5/1977,Louisiana Tech,23,Lamar,6,W,"Beaumont, TX",TX,,,,,,29
11/12/1977,Louisiana Tech,28,Southern Miss,10,W,"Hattiesburg, MS",MS,,,,,,38
11/19/1977,Louisiana Tech,14,North Texas,41,L,"Shreveport, LA",LA,,,,,,55
11/26/1977,Louisiana Tech,20,ULM,0,W,"Ruston, LA",LA,,,,,,20
12/19/1977,Louisiana Tech,24,Louisville,14,W,"Shreveport, LA",LA,,,,,,38
9/16/1978,Louisiana Tech,7,Chattanooga,12,L,"Ruston, LA",LA,,,,,,19
9/23/1978,Louisiana Tech,28,UT-Arlington,21,W,"Arlington, TX",TX,,,,,,49
9/30/1978,Louisiana Tech,34,McNeese State,20,W,"Ruston, LA",LA,,,,,,54
10/7/1978,Louisiana Tech,6,UL-Lafayette,24,L,Lafayette. LA,LA,,,,,,30
10/14/1978,Louisiana Tech,17,Ball State,7,W,"Ruston, LA",LA,,,,,,24
10/21/1978,Louisiana Tech,45,Northwestern State,20,W,"Shreveport, LA",LA,,,,,,65
10/28/1978,Louisiana Tech,14,North Texas,16,L,"Shreveport, LA",LA,,,,,,30
11/4/1978,Louisiana Tech,40,Lamar,3,W,"Ruston, LA",LA,,,,,,43
11/11/1978,Louisiana Tech,24,Arkansas State,10,W,"Ruston, LA",LA,,,,,,34
11/18/1978,Louisiana Tech,0,ULM,18,L,"Monroe, LA",LA,,,,,,18
12/16/1978,Louisiana Tech,13,East Carolina,35,L,"Shreveport, LA",LA,,,,,,48
9/1/1979,Louisiana Tech,0,New Mexico,34,L,"Albuquerque, NM",NM,,,,,,34
9/15/1979,Louisiana Tech,7,Chattanooga,24,L,"Chattanooga, TN",TN,,,,,,31
9/22/1979,Louisiana Tech,7,Lamar,19,L,"Beaumont, TX",TX,,,,,,26
9/29/1979,Louisiana Tech,0,Miami (FL),6,L,"Miami, FL",FL,,,,,,6
10/6/1979,Louisiana Tech,17,UL-Lafayette,0,W,"Ruston, LA",LA,,,,,,17
10/13/1979,Louisiana Tech,7,Arkansas State,14,L,"Ruston, LA",LA,,,,,,21
10/20/1979,Louisiana Tech,21,Northwestern State,25,L,"Shreveport, LA",LA,,,,,,46
10/27/1979,Louisiana Tech,16,UT-Arlington,30,L,"Ruston, LA",LA,,,,,,46
11/3/1979,Louisiana Tech,17,North Texas,19,L,"Shreveport, LA",LA,,,,,,36
11/10/1979,Louisiana Tech,7,McNeese State,41,L,"Lake Charles, LA",LA,,,,,,48
11/17/1979,Louisiana Tech,13,ULM,10,W,"Monroe, LA",LA,,,,,,23
9/13/1980,Louisiana Tech,11,Mississippi State,31,L,"Starkville, MS",MS,,,,,,42
9/20/1980,Louisiana Tech,11,Southern Miss,38,L,"Hattiesburg, MS",MS,,,,,,49
9/27/1980,Louisiana Tech,42,Western Illinois,6,W,"Ruston, LA",LA,,,,,,48
10/4/1980,Louisiana Tech,7,East Tennessee State,3,W,"Johnson City, TN",TN,,,,,,10
10/11/1980,Louisiana Tech,16,Lamar,7,W,"Beaumont, TX",TX,,,,,,23
10/18/1980,Louisiana Tech,27,Northwestern State,23,W,"Shreveport, LA",LA,,,,,,50
10/25/1980,Louisiana Tech,20,UT-Arlington,21,L,"Ruston, LA",LA,,,,,,41
11/1/1980,Louisiana Tech,28,Arkansas State,0,W,"Jonesboro, AR",AR,,,,,,28
11/8/1980,Louisiana Tech,8,McNeese State,45,L,"Ruston, LA",LA,,,,,,53
11/15/1980,Louisiana Tech,9,UL-Lafayette,27,L,Lafayette. LA,LA,,,,,,36
11/22/1980,Louisiana Tech,14,ULM,19,L,"Monroe, LA",LA,,,,,,33
9/5/1981,Louisiana Tech,10,West Texas A&M,17,L,"Canyon, TX",TX,,,,,,27
9/12/1981,Louisiana Tech,31,East Tennessee State,3,W,"Ruston, LA",LA,,,,,,34
9/19/1981,Louisiana Tech,21,Baylor,28,L,"Shreveport, LA",LA,,,,,,49
9/26/1981,Louisiana Tech,7,Texas A&M,43,L,"College Station, TX",TX,,,,,,50
10/3/1981,Louisiana Tech,0,ULM,35,L,"Ruston, LA",LA,,,,,,35
10/10/1981,Louisiana Tech,14,UT-Arlington,31,L,"Arlington, TX",TX,,,,,,45
10/17/1981,Louisiana Tech,16,Lamar,7,W,"Beaumont, TX",TX,,,,,,23
10/24/1981,Louisiana Tech,37,Northwestern State,33,W,"Shreveport, LA",LA,,,,,,70
10/31/1981,Louisiana Tech,17,UL-Lafayette,17,T,"Ruston, LA",LA,,,,,,34
11/7/1981,Louisiana Tech,20,McNeese State,27,L,"Lake Charles, LA",LA,,,,,,47
11/14/1981,Louisiana Tech,32,Arkansas State,0,W,"Ruston, LA",LA,,,,,,32
9/11/1982,Louisiana Tech,28,West Texas A&M,7,W,"Ruston, LA",LA,,,,,,35
9/18/1982,Louisiana Tech,49,Eastern Michigan,12,W,"Ruston, LA",LA,,,,,,61
9/25/1982,Louisiana Tech,27,Texas A&M,38,L,"College Station, TX",TX,,,,,,65
10/2/1982,Louisiana Tech,17,UT-Arlington,14,W,"Arlington, TX",TX,,,,,,31
10/9/1982,Louisiana Tech,17,ULM,10,W,"Monroe, LA",LA,,,,,,27
10/16/1982,Louisiana Tech,40,Lamar,13,W,"Ruston, LA",LA,,,,,,53
10/23/1982,Louisiana Tech,33,Northwestern State,0,W,"Shreveport, LA",LA,,,,,,33
10/30/1982,Louisiana Tech,24,Arkansas State,14,W,"Jonesboro, AR",AR,,,,,,38
11/6/1982,Louisiana Tech,35,McNeese State,14,W,"Ruston, LA",LA,,,,,,49
11/13/1982,Louisiana Tech,19,UL-Lafayette,29,L,Lafayette. LA,LA,,,,,,48
11/20/1982,Louisiana Tech,13,Southern Miss,6,W,"Hattiesburg, MS",MS,,,,,,19
12/4/1982,Louisiana Tech,38,South Carolina State,3,W,"Ruston, LA",LA,,,,,,41
12/11/1982,Louisiana Tech,0,Delaware,17,L,"Ruston, LA",LA,,,,,,17
9/10/1983,Louisiana Tech,7,New Mexico State,15,L,"Las Cruces, NM",NM,,,,,,22
9/17/1983,Louisiana Tech,10,Southern Miss,28,L,"Hattiesburg, MS",MS,,,,,,38
9/24/1983,Louisiana Tech,12,Lamar,18,L,"Ruston, LA",LA,,,,,,30
10/1/1983,Louisiana Tech,17,Chattanooga,14,W,"Ruston, LA",LA,,,,,,31
10/8/1983,Louisiana Tech,20,McNeese State,24,L,"Ruston, LA",LA,,,,,,44
10/15/1983,Louisiana Tech,7,Arkansas State,21,L,"Jonesboro, AR",AR,,,,,,28
10/22/1983,Louisiana Tech,21,Northwestern State,10,W,"Shreveport, LA",LA,,,,,,31
10/29/1983,Louisiana Tech,25,North Texas,18,W,"Denton, TX",TX,,,,,,43
11/5/1983,Louisiana Tech,0,ULM,17,L,"Ruston, LA",LA,,,,,,17
11/12/1983,Louisiana Tech,24,UT-Arlington,17,W,"Arlington, TX",TX,,,,,,41
11/19/1983,Louisiana Tech,9,UL-Lafayette,13,L,Lafayette. LA,LA,,,,,,22
9/1/1984,Louisiana Tech,17,Southeastern Louisiana,9,W,"Hammond, LA",LA,,,,,,26
9/8/1984,Louisiana Tech,16,UL-Lafayette,17,L,Lafayette. LA,LA,,,,,,33
9/15/1984,Louisiana Tech,0,Southern Miss,34,L,"Hattiesburg, MS",MS,,,,,,34
9/22/1984,Louisiana Tech,8,Ole Miss,14,L,"Oxford, MS",MS,,,,,,22
9/29/1984,Louisiana Tech,17,North Texas,12,W,"Ruston, LA",LA,,,,,,29
10/6/1984,Louisiana Tech,24,McNeese State,17,W,"Lake Charles, LA",LA,,,,,,41
10/13/1984,Louisiana Tech,20,Arkansas State,10,W,"Ruston, LA",LA,,,,,,30
10/20/1984,Louisiana Tech,5,Northwestern State,0,W,"Shreveport, LA",LA,,,,,,5
10/27/1984,Louisiana Tech,22,Lamar,7,W,"Beaumont, TX",TX,,,,,,29
11/3/1984,Louisiana Tech,10,ULM,12,L,"Monroe, LA",LA,,,,,,22
11/10/1984,Louisiana Tech,34,UT-Arlington,0,W,"Ruston, LA",LA,,,,,,34
11/24/1984,Louisiana Tech,66,Mississippi Valley State,19,W,"Ruston, LA",LA,,,,,,85
12/1/1984,Louisiana Tech,44,Alcorn State,21,W,"Jackson, MS",MS,,,,,,65
12/8/1984,Louisiana Tech,21,Middle Tennessee,13,W,"Murfreesboro, TN",TN,,,,,,34
12/15/1984,Louisiana Tech,6,Montana State,19,L,"Charleston, SC",SC,,,,,,25
9/7/1985,Louisiana Tech,0,Southern Miss,28,L,"Hattiesburg, MS",MS,,,,,,28
9/14/1985,Louisiana Tech,24,UL-Lafayette,23,W,"Ruston, LA",LA,,,,,,47
9/21/1985,Louisiana Tech,20,West Texas A&M,10,W,"Canyon, TX",TX,,,,,,30
9/28/1985,Louisiana Tech,40,Southeastern Louisiana,7,W,"Ruston, LA",LA,,,,,,47
10/5/1985,Louisiana Tech,33,North Texas,8,W,"Denton, TX",TX,,,,,,41
10/12/1985,Louisiana Tech,35,McNeese State,3,W,"Ruston, LA",LA,,,,,,38
10/19/1985,Louisiana Tech,13,Arkansas State,31,L,"Jonesboro, AR",AR,,,,,,44
10/26/1985,Louisiana Tech,33,Northwestern State,17,W,"Shreveport, LA",LA,,,,,,50
11/2/1985,Louisiana Tech,23,Lamar,22,W,"Ruston, LA",LA,,,,,,45
11/9/1985,Louisiana Tech,9,ULM,13,L,"Ruston, LA",LA,,,,,,22
11/16/1985,Louisiana Tech,29,UT-Arlington,14,W,"Arlington, TX",TX,,,,,,43
8/30/1986,Louisiana Tech,22,Tulsa,17,W,"Tulsa, OK",OK,,,,,,39
9/13/1986,Louisiana Tech,7,Baylor,38,L,"Waco, TX",TX,,,,,,45
9/20/1986,Louisiana Tech,24,West Texas A&M,21,W,"Ruston, LA",LA,,,,,,45
9/27/1986,Louisiana Tech,10,Fresno State,34,L,"Fresno, CA",CA,,,,,,44
10/4/1986,Louisiana Tech,17,North Texas,10,W,"Ruston, LA",LA,,,,,,27
10/11/1986,Louisiana Tech,28,McNeese State,16,W,"Lake Charles, LA",LA,,,,,,44
10/18/1986,Louisiana Tech,17,Arkansas State,20,L,"Ruston, LA",LA,,,,,,37
10/25/1986,Louisiana Tech,13,Northwestern State,13,T,"Shreveport, LA",LA,,,,,,26
11/1/1986,Louisiana Tech,39,Lamar,20,W,"Beaumont, TX",TX,,,,,,59
11/8/1986,Louisiana Tech,6,ULM,20,L,"Monroe, LA",LA,,,,,,26
11/22/1986,Louisiana Tech,23,UL-Lafayette,14,W,Lafayette. LA,LA,,,,,,37
9/5/1987,Louisiana Tech,3,Baylor,13,L,"Waco, TX",TX,,,,,,16
9/12/1987,Louisiana Tech,7,ULM,44,L,"Ruston, LA",LA,,,,,,51
9/19/1987,Louisiana Tech,13,Mississippi State,14,L,"Starkville, MS",MS,,,,,,27
9/26/1987,Louisiana Tech,16,Kansas,11,W,"Lawrence, KS",KS,,,,,,27
10/3/1987,Louisiana Tech,18,Chattanooga,20,L,"Chattanooga, TN",TN,,,,,,38
10/10/1987,Louisiana Tech,7,McNeese State,3,W,"Ruston, LA",LA,,,,,,10
10/17/1987,Louisiana Tech,3,Arkansas State,37,L,"Jonesboro, AR",AR,,,,,,40
10/24/1987,Louisiana Tech,23,Northwestern State,0,W,"Shreveport, LA",LA,,,,,,23
10/31/1987,Louisiana Tech,3,Texas A&M,32,L,"College Station, TX",TX,,,,,,35
11/14/1987,Louisiana Tech,10,Missouri State,13,L,"Ruston, LA",LA,,,,,,23
11/21/1987,Louisiana Tech,5,North Texas,10,L,"Denton, TX",TX,,,,,,15
9/3/1988,Louisiana Tech,14,Mississippi State,21,L,"Starkville, MS",MS,,,,,,35
9/10/1988,Louisiana Tech,0,Houston,60,L,"Shreveport, LA",LA,,,,,,60
9/17/1988,Louisiana Tech,6,Wyoming,38,L,"Laramie, WY",WY,,,,,,44
9/24/1988,Louisiana Tech,31,Nicholls State,10,W,"Ruston, LA",LA,,,,,,41
10/1/1988,Louisiana Tech,31,Kansas State,28,W,"Manhattan, KS",KS,,,,,,59
10/8/1988,Louisiana Tech,19,UL-Lafayette,16,W,"Ruston, LA",LA,,,,,,35
10/22/1988,Louisiana Tech,3,Florida State,66,L,"Tallahassee, FL",FL,,,,,,69
10/29/1988,Louisiana Tech,22,Arkansas State,31,L,"Shreveport, LA",LA,,,,,,53
11/5/1988,Louisiana Tech,17,Texas A&M,56,L,"College Station, TX",TX,,,,,,73
11/12/1988,Louisiana Tech,19,Southern Miss,26,L,"Ruston, LA",LA,,,,,,45
11/19/1988,Louisiana Tech,23,ULM,0,W,"Monroe, LA",LA,,,,,,23
9/2/1989,Louisiana Tech,40,Louisiana-Lafayette,14,,,,,,,,,54
9/9/1989,Louisiana Tech,20,Western Michigan,24,,,,,,,,,44
9/16/1989,Louisiana Tech,7,Florida,34,,,,,,,,,41
9/30/1989,Louisiana Tech,29,East Carolina,29,,,,,,,,,58
10/7/1989,Louisiana Tech,24,Akron,31,,,,,,,,,55
10/14/1989,Louisiana Tech,42,Northern Illinois,21,,,,,,,,,63
10/21/1989,Louisiana Tech,40,Arkansas State,37,,,,,,,,,77
10/28/1989,Louisiana Tech,34,Tulsa,31,,,,,,,,,65
11/4/1989,Louisiana Tech,24,Louisiana-Monroe,6,,,,,,,,,30
11/11/1989,Louisiana Tech,23,None,38,,,,,,,,,61
9/1/1990,Louisiana Tech,17,East Carolina,27,,,,,,,,,44
9/8/1990,Louisiana Tech,51,McNeese State,3,,,,,,,,,54
9/15/1990,Louisiana Tech,21,Western Michigan,27,,,,,,,,,48
9/22/1990,Louisiana Tech,40,Arkansas State,7,,,,,,,,,47
9/29/1990,Louisiana Tech,24,Louisiana-Lafayette,10,,,,,,,,,34
10/6/1990,Louisiana Tech,14,None,16,,,,,,,,,30
10/13/1990,Louisiana Tech,35,Tulsa,21,,,,,,,,,56
10/27/1990,Louisiana Tech,31,Stephen F. Austin,22,,,,,,,,,53
11/3/1990,Louisiana Tech,31,Louisiana-Monroe,7,,,,,,,,,38
11/10/1990,Louisiana Tech,36,Akron,15,,,,,,,,,51
11/17/1990,Louisiana Tech,31,Colorado State,30,,,,,,,,,61
12/15/1990,Louisiana Tech,34,Maryland,34,,,,,,,,,68
8/31/1991,Louisiana Tech,3,None,73,,,,,,,,,76
9/14/1991,Louisiana Tech,21,Montana,11,,,,,,,,,32
9/21/1991,Louisiana Tech,17,Eastern Michigan,14,,,,,,,,,31
9/28/1991,Louisiana Tech,42,Arkansas State,10,,,,,,,,,52
10/5/1991,Louisiana Tech,37,Northern Illinois,3,,,,,,,,,40
10/12/1991,Louisiana Tech,12,South Carolina,12,,,,,,,,,24
10/26/1991,Louisiana Tech,14,Louisiana-Lafayette,14,,,,,,,,,28
11/2/1991,Louisiana Tech,35,Louisiana-Monroe,10,,,,,,,,,45
11/9/1991,Louisiana Tech,48,Southern Illinois,16,,,,,,,,,64
11/16/1991,Louisiana Tech,30,Southern Mississippi,14,,,,,,,,,44
11/23/1991,Louisiana Tech,21,UTEP,17,,,,,,,,,38
9/5/1992,Louisiana Tech,10,Baylor,9,,,,,,,,,19
9/12/1992,Louisiana Tech,31,Eastern Michigan,17,,,,,,,,,48
9/19/1992,Louisiana Tech,13,Southern Mississippi,16,,,,,,,,,29
9/26/1992,Louisiana Tech,0,None,13,,,,,,,,,13
10/3/1992,Louisiana Tech,14,Fresno State,48,,,,,,,,,62
10/10/1992,Louisiana Tech,21,Louisiana-Lafayette,7,,,,,,,,,28
10/17/1992,Louisiana Tech,65,East Tennessee State,7,,,,,,,,,72
10/31/1992,Louisiana Tech,23,Arkansas State,0,,,,,,,,,23
11/7/1992,Louisiana Tech,13,South Carolina,14,,,,,,,,,27
11/14/1992,Louisiana Tech,6,Ole Miss,13,,,,,,,,,19
11/21/1992,Louisiana Tech,3,West Virginia,23,,,,,,,,,26
9/4/1993,Louisiana Tech,0,None,50,,,,,,,,,50
9/18/1993,Louisiana Tech,3,South Carolina,34,,,,,,,,,37
9/25/1993,Louisiana Tech,3,None,56,,,,,,,,,59
10/2/1993,Louisiana Tech,17,Arkansas State,3,,,,,,,,,20
10/16/1993,Louisiana Tech,28,East Carolina,31,,,,,,,,,59
10/23/1993,Louisiana Tech,6,San Jose State,31,,,,,,,,,37
10/30/1993,Louisiana Tech,17,Northern Illinois,16,,,,,,,,,33
11/6/1993,Louisiana Tech,23,Nevada-Las Vegas,28,,,,,,,,,51
11/13/1993,Louisiana Tech,13,Utah State,24,,,,,,,,,37
11/20/1993,Louisiana Tech,16,UCF,38,,,,,,,,,54
11/27/1993,Louisiana Tech,17,Louisiana-Lafayette,21,,,,,,,,,38
9/3/1994,Louisiana Tech,3,Baylor,44,,,,,,,,,47
9/10/1994,Louisiana Tech,32,Houston,7,,,,,,,,,39
9/17/1994,Louisiana Tech,6,South Carolina,31,,,,,,,,,37
10/1/1994,Louisiana Tech,3,Louisiana-Lafayette,13,,,,,,,,,16
10/8/1994,Louisiana Tech,20,Nevada-Las Vegas,24,,,,,,,,,44
10/15/1994,Louisiana Tech,3,Utah State,7,,,,,,,,,10
10/22/1994,Louisiana Tech,17,Northern Illinois,27,,,,,,,,,44
10/29/1994,Louisiana Tech,16,West Virginia,52,,,,,,,,,68
11/5/1994,Louisiana Tech,38,Northwestern State,28,,,,,,,,,66
11/12/1994,Louisiana Tech,6,San Jose State,27,,,,,,,,,33
11/19/1994,Louisiana Tech,20,Arkansas State,14,,,,,,,,,34
8/31/1995,Louisiana Tech,28,Bowling Green,21,,,,,,,,,49
9/9/1995,Louisiana Tech,19,Houston,7,,,,,,,,,26
9/16/1995,Louisiana Tech,21,South Carolina,68,,,,,,,,,89
9/23/1995,Louisiana Tech,28,Arkansas State,25,,,,,,,,,53
9/30/1995,Louisiana Tech,27,Tulsa,23,,,,,,,,,50
10/7/1995,Louisiana Tech,13,New Mexico State,48,,,,,,,,,61
10/14/1995,Louisiana Tech,41,Pacific,47,,,,,,,,,88
10/21/1995,Louisiana Tech,45,Nevada,49,,,,,,,,,94
11/4/1995,Louisiana Tech,33,Louisiana-Lafayette,40,,,,,,,,,73
11/11/1995,Louisiana Tech,6,Vanderbilt,29,,,,,,,,,35
11/18/1995,Louisiana Tech,59,Northern Illinois,14,,,,,,,,,73
8/31/1996,Louisiana Tech,20,Middle Tennessee State,0,,,,,,,,,20
9/7/1996,Louisiana Tech,16,Baylor,24,,,,,,,,,40
9/14/1996,Louisiana Tech,38,Central Michigan,37,,,,,,,,,75
9/21/1996,Louisiana Tech,38,Mississippi State,23,,,,,,,,,61
9/28/1996,Louisiana Tech,31,Louisiana-Lafayette,37,,,,,,,,,68
10/5/1996,Louisiana Tech,13,Texas A&M,63,,,,,,,,,76
10/12/1996,Louisiana Tech,21,Arkansas,38,,,,,,,,,59
10/19/1996,Louisiana Tech,61,Toledo,20,,,,,,,,,81
10/26/1996,Louisiana Tech,35,UAB,31,,,,,,,,,66
11/2/1996,Louisiana Tech,40,Northern Illinois,14,,,,,,,,,54
11/9/1996,Louisiana Tech,38,Arkansas State,55,,,,,,,,,93
8/30/1997,Louisiana Tech,30,Bowling Green,23,,,,,,,,,53
9/13/1997,Louisiana Tech,17,Louisiana-Monroe,16,,,,,,,,,33
9/20/1997,Louisiana Tech,56,Central Michigan,28,,,,,,,,,84
9/27/1997,Louisiana Tech,13,Arkansas,17,,,,,,,,,30
10/4/1997,Louisiana Tech,41,California,34,,,,,,,,,75
10/11/1997,Louisiana Tech,13,None,49,,,,,,,,,62
10/18/1997,Louisiana Tech,42,Arkansas State,14,,,,,,,,,56
10/25/1997,Louisiana Tech,31,Boise State,27,,,,,,,,,58
11/1/1997,Louisiana Tech,26,Alabama,20,,,,,,,,,46
11/8/1997,Louisiana Tech,32,UAB,29,,,,,,,,,61
11/15/1997,Louisiana Tech,63,Louisiana-Lafayette,24,,,,,,,,,87
8/29/1998,Louisiana Tech,27,None,56,,,,,,,,,83
9/5/1998,Louisiana Tech,30,UCF,64,,,,,,,,,94
9/12/1998,Louisiana Tech,7,None,28,,,,,,,,,35
9/19/1998,Louisiana Tech,77,Louisiana-Lafayette,14,,,,,,,,,91
9/26/1998,Louisiana Tech,19,Wyoming,31,,,,,,,,,50
10/3/1998,Louisiana Tech,63,Boise State,28,,,,,,,,,91
10/10/1998,Louisiana Tech,44,Louisiana-Monroe,14,,,,,,,,,58
10/17/1998,Louisiana Tech,54,UAB,23,,,,,,,,,77
10/24/1998,Louisiana Tech,17,Auburn,32,,,,,,,,,49
10/31/1998,Louisiana Tech,56,Nicholls State,28,,,,,,,,,84
11/7/1998,Louisiana Tech,69,Arkansas State,21,,,,,,,,,90
11/26/1998,Louisiana Tech,30,None,63,,,,,,,,,93
8/28/1999,Louisiana Tech,7,None,41,,,,,,,,,48
9/4/1999,Louisiana Tech,17,None,37,,,,,,,,,54
9/11/1999,Louisiana Tech,55,Sam Houston State,17,,,,,,,,,72
9/18/1999,Louisiana Tech,29,None,28,,,,,,,,,57
10/2/1999,Louisiana Tech,41,Louisiana-Lafayette,31,,,,,,,,,72
10/16/1999,Louisiana Tech,42,Middle Tennessee State,18,,,,,,,,,60
10/23/1999,Louisiana Tech,46,UCF,35,,,,,,,,,81
10/30/1999,Louisiana Tech,34,Toledo,17,,,,,,,,,51
11/6/1999,Louisiana Tech,58,Louisiana-Monroe,17,,,,,,,,,75
11/13/1999,Louisiana Tech,41,UAB,20,,,,,,,,,61
11/26/1999,Louisiana Tech,19,USC,45,,,,,,,,,64
8/26/2000,Louisiana Tech,63,Mississippi Valley State,10,,,,,,,,,73
9/2/2000,Louisiana Tech,10,None,54,,,,,,,,,64
9/9/2000,Louisiana Tech,7,Penn State,67,,,,,,,,,74
9/16/2000,Louisiana Tech,31,Stephen F. Austin,34,,,,,,,,,65
9/23/2000,Louisiana Tech,10,Tulsa,22,,,,,,,,,32
10/7/2000,Louisiana Tech,21,Middle Tennessee State,49,,,,,,,,,70
10/14/2000,Louisiana Tech,48,Louisiana-Lafayette,14,,,,,,,,,62
10/21/2000,Louisiana Tech,28,Auburn,38,,,,,,,,,66
10/28/2000,Louisiana Tech,31,None,42,,,,,,,,,73
11/4/2000,Louisiana Tech,16,UCF,20,,,,,,,,,36
11/11/2000,Louisiana Tech,42,Louisiana-Monroe,19,,,,,,,,,61
11/18/2000,Louisiana Tech,10,Hawaii,27,,,,,,,,,37
9/1/2001,Louisiana Tech,36,SMU,6,,,,,,,,,42
9/8/2001,Louisiana Tech,23,Oklahoma State,30,,,,,,,,,53
9/29/2001,Louisiana Tech,28,None,38,,,,,,,,,66
10/6/2001,Louisiana Tech,41,San Jose State,20,,,,,,,,,61
10/13/2001,Louisiana Tech,45,Nevada,42,,,,,,,,,87
10/20/2001,Louisiana Tech,41,None,48,,,,,,,,,89
10/27/2001,Louisiana Tech,41,Rice,38,,,,,,,,,79
11/3/2001,Louisiana Tech,48,Boise State,42,,,,,,,,,90
11/10/2001,Louisiana Tech,53,UTEP,30,,,,,,,,,83
11/17/2001,Louisiana Tech,7,Kansas State,40,,,,,,,,,47
11/24/2001,Louisiana Tech,19,Tulsa,7,,,,,,,,,26
12/31/2001,Louisiana Tech,24,Clemson,49,,,,,,,,,73
8/31/2002,Louisiana Tech,39,Oklahoma State,36,,,,,,,,,75
9/7/2002,Louisiana Tech,13,Clemson,33,,,,,,,,,46
9/14/2002,Louisiana Tech,53,Tulsa,9,,,,,,,,,62
9/21/2002,Louisiana Tech,17,None,49,,,,,,,,,66
9/28/2002,Louisiana Tech,3,None,31,,,,,,,,,34
10/5/2002,Louisiana Tech,20,Rice,37,,,,,,,,,57
10/19/2002,Louisiana Tech,34,SMU,37,,,,,,,,,71
10/26/2002,Louisiana Tech,50,Nevada,47,,,,,,,,,97
11/9/2002,Louisiana Tech,30,San Jose State,42,,,,,,,,,72
11/16/2002,Louisiana Tech,10,Boise State,36,,,,,,,,,46
11/23/2002,Louisiana Tech,38,UTEP,24,,,,,,,,,62
12/5/2002,Louisiana Tech,13,Fresno State,45,,,,,,,,,58
8/28/2003,Louisiana Tech,9,None,48,,,,,,,,,57
9/6/2003,Louisiana Tech,34,Louisiana-Lafayette,3,,,,,,,,,37
9/13/2003,Louisiana Tech,20,Michigan State,19,,,,,,,,,39
9/20/2003,Louisiana Tech,6,Fresno State,16,,,,,,,,,22
10/4/2003,Louisiana Tech,37,Boise State,43,,,,,,,,,80
10/11/2003,Louisiana Tech,38,UTEP,35,,,,,,,,,73
10/18/2003,Louisiana Tech,41,Hawaii,44,,,,,,,,,85
10/25/2003,Louisiana Tech,42,Nevada,34,,,,,,,,,76
11/1/2003,Louisiana Tech,10,None,49,,,,,,,,,59
11/8/2003,Louisiana Tech,41,SMU,6,,,,,,,,,47
11/15/2003,Louisiana Tech,18,Tulsa,48,,,,,,,,,66
11/29/2003,Louisiana Tech,14,Rice,49,,,,,,,,,63
9/6/2004,Louisiana Tech,38,Nevada,21,,,,,,,,,59
9/11/2004,Louisiana Tech,24,Louisiana-Lafayette,20,,,,,,,,,44
9/18/2004,Louisiana Tech,0,None,48,,,,,,,,,48
9/25/2004,Louisiana Tech,17,None,42,,,,,,,,,59
10/2/2004,Louisiana Tech,28,None,21,,,,,,,,,49
10/9/2004,Louisiana Tech,7,None,52,,,,,,,,,59
10/16/2004,Louisiana Tech,41,SMU,10,,,,,,,,,51
10/23/2004,Louisiana Tech,27,UTEP,44,,,,,,,,,71
11/6/2004,Louisiana Tech,23,Hawaii,34,,,,,,,,,57
11/13/2004,Louisiana Tech,38,Tulsa,21,,,,,,,,,59
11/20/2004,Louisiana Tech,14,None,55,,,,,,,,,69
11/29/2004,Louisiana Tech,51,Rice,14,,,,,,,,,65
9/10/2005,Louisiana Tech,3,None,41,,,,,,,,,44
9/17/2005,Louisiana Tech,14,Kansas,34,,,,,,,,,48
10/1/2005,Louisiana Tech,34,New Mexico State,14,,,,,,,,,48
10/8/2005,Louisiana Tech,46,Hawaii,14,,,,,,,,,60
10/15/2005,Louisiana Tech,27,Nevada,37,,,,,,,,,64
10/22/2005,Louisiana Tech,40,North Texas,14,,,,,,,,,54
10/29/2005,Louisiana Tech,31,San Jose State,14,,,,,,,,,45
11/5/2005,Louisiana Tech,27,Utah State,17,,,,,,,,,44
11/12/2005,Louisiana Tech,41,Idaho,38,,,,,,,,,79
11/26/2005,Louisiana Tech,13,Boise State,30,,,,,,,,,43
12/2/2005,Louisiana Tech,40,None,28,,,,,,,,,68
9/2/2006,Louisiana Tech,10,None,49,,,,,,,,,59
9/16/2006,Louisiana Tech,31,Nicholls State,21,,,,,,,,,52
9/23/2006,Louisiana Tech,14,Texas A&M,45,,,,,,,,,59
9/30/2006,Louisiana Tech,0,Clemson,51,,,,,,,,,51
10/7/2006,Louisiana Tech,14,None,55,,,,,,,,,69
10/14/2006,Louisiana Tech,14,Idaho,24,,,,,,,,,38
10/21/2006,Louisiana Tech,48,Utah State,35,,,,,,,,,83
10/28/2006,Louisiana Tech,10,San Jose State,44,,,,,,,,,54
11/4/2006,Louisiana Tech,34,North Texas,31,,,,,,,,,65
11/11/2006,Louisiana Tech,17,Hawaii,61,,,,,,,,,78
11/18/2006,Louisiana Tech,0,Nevada,42,,,,,,,,,42
11/24/2006,Louisiana Tech,27,Fresno State,34,,,,,,,,,61
12/2/2006,Louisiana Tech,23,New Mexico State,50,,,,,,,,,73
9/1/2007,Louisiana Tech,28,Central Arkansas,7,,,,,,,,,35
9/8/2007,Louisiana Tech,44,None,45,,,,,,,,,89
9/15/2007,Louisiana Tech,12,None,42,,,,,,,,,54
9/29/2007,Louisiana Tech,6,Fresno State,17,,,,,,,,,23
10/6/2007,Louisiana Tech,0,Ole Miss,24,,,,,,,,,24
10/13/2007,Louisiana Tech,22,New Mexico State,21,,,,,,,,,43
10/20/2007,Louisiana Tech,31,Boise State,45,,,,,,,,,76
10/27/2007,Louisiana Tech,31,Utah State,21,,,,,,,,,52
11/3/2007,Louisiana Tech,28,Idaho,16,,,,,,,,,44
11/10/2007,Louisiana Tech,10,None,58,,,,,,,,,68
11/17/2007,Louisiana Tech,27,San Jose State,23,,,,,,,,,50
12/1/2007,Louisiana Tech,10,Nevada,49,,,,,,,,,59
8/30/2008,Louisiana Tech,22,Mississippi State,14,,,,,,,,,
9/6/2008,Louisiana Tech,0,None,29,,,,,,,,,
9/20/2008,Louisiana Tech,41,Southeastern Louisiana,26,,,,,,,,,
10/1/2008,Louisiana Tech,3,None,38,,,,,,,,,
10/11/2008,Louisiana Tech,14,Hawaii,24,,,,,,,,,
10/18/2008,Louisiana Tech,46,Idaho,14,,,,,,,,,
10/25/2008,Louisiana Tech,7,Army,14,,,,,,,,,
11/1/2008,Louisiana Tech,38,Fresno State,35,,,,,,,,,
11/8/2008,Louisiana Tech,21,San Jose State,0,,,,,,,,,
11/15/2008,Louisiana Tech,45,Utah State,38,,,,,,,,,
11/22/2008,Louisiana Tech,35,New Mexico State,31,,,,,,,,,
11/29/2008,Louisiana Tech,31,Nevada,35,,,,,,,,,
12/28/2008,Louisiana Tech,17,Northern Illinois,10,,,,,,,,,
9/5/2009,Louisiana Tech,13,Auburn,37,,,,,,,,,
9/12/2009,Louisiana Tech,14,Navy,32,,,,,,,,,
9/19/2009,Louisiana Tech,48,Nicholls State,13,,,,,,,,,
9/30/2009,Louisiana Tech,27,Hawaii,6,,,,,,,,,
10/9/2009,Louisiana Tech,14,Nevada,37,,,,,,,,,
10/17/2009,Louisiana Tech,45,New Mexico State,7,,,,,,,,,
10/24/2009,Louisiana Tech,21,Utah State,23,,,,,,,,,
10/31/2009,Louisiana Tech,34,Idaho,35,,,,,,,,,
11/6/2009,Louisiana Tech,35,None,45,,,,,,,,,
11/14/2009,Louisiana Tech,16,None,24,,,,,,,,,
11/21/2009,Louisiana Tech,28,Fresno State,30,,,,,,,,,
12/5/2009,Louisiana Tech,55,San Jose State,20,,,,,,,,,
9/4/2010,Louisiana Tech,20,Grambling State,6,,,,,,,,,
9/11/2010,Louisiana Tech,16,Texas A&M,48,,,,,,,,,
9/18/2010,Louisiana Tech,23,Navy,37,,,,,,,,,
9/25/2010,Louisiana Tech,12,Southern Mississippi,13,,,,,,,,,
10/2/2010,Louisiana Tech,21,Hawaii,41,,,,,,,,,
10/9/2010,Louisiana Tech,24,Utah State,6,,,,,,,,,
10/16/2010,Louisiana Tech,48,Idaho,35,,,,,,,,,
10/26/2010,Louisiana Tech,20,None,49,,,,,,,,,
11/6/2010,Louisiana Tech,34,Fresno State,40,,,,,,,,,
11/13/2010,Louisiana Tech,41,New Mexico State,20,,,,,,,,,
11/27/2010,Louisiana Tech,45,San Jose State,38,,,,,,,,,
12/4/2010,Louisiana Tech,17,None,35,,,,,,,,,
9/3/2011,Louisiana Tech,17,Southern Mississippi,19,,,,,,,,,
9/10/2011,Louisiana Tech,48,Central Arkansas,42,,,,,,,,,
9/17/2011,Louisiana Tech,34,Houston,35,,,,,,,,,
9/24/2011,Louisiana Tech,20,Mississippi State,26,,,,,,,,,
10/1/2011,Louisiana Tech,26,Hawaii,44,,,,,,,,,
10/8/2011,Louisiana Tech,24,Idaho,11,,,,,,,,,
10/22/2011,Louisiana Tech,24,Utah State,17,,,,,,,,,
10/29/2011,Louisiana Tech,38,San Jose State,28,,,,,,,,,
11/5/2011,Louisiana Tech,41,Fresno State,21,,,,,,,,,
11/12/2011,Louisiana Tech,27,Ole Miss,7,,,,,,,,,
11/19/2011,Louisiana Tech,24,Nevada,20,,,,,,,,,
11/26/2011,Louisiana Tech,44,New Mexico State,0,,,,,,,,,
12/21/2011,Louisiana Tech,24,None,31,,,,,,,,,
9/8/2012,Louisiana Tech,56,Houston,49,,,,,,,,,
9/15/2012,Louisiana Tech,56,Rice,37,,,,,,,,,
9/22/2012,Louisiana Tech,52,Illinois,24,,,,,,,,,
9/29/2012,Louisiana Tech,44,Virginia,38,,,,,,,,,
10/6/2012,Louisiana Tech,58,Nevada-Las Vegas,31,,,,,,,,,
10/13/2012,Louisiana Tech,57,None,59,,,,,,,,,
10/20/2012,Louisiana Tech,70,Idaho,28,,,,,,,,,
10/27/2012,Louisiana Tech,28,New Mexico State,14,,,,,,,,,
11/3/2012,Louisiana Tech,51,UTSA,27,,,,,,,,,
11/10/2012,Louisiana Tech,62,Texas State,55,,,,,,,,,
11/17/2012,Louisiana Tech,41,Utah State,48,,,,,,,,,
11/24/2012,Louisiana Tech,43,San Jose State,52,,,,,,,,,
8/31/2013,Louisiana Tech,14,North Carolina State,40,,,,,,,,,
9/7/2013,Louisiana Tech,27,Lamar,14,,,,,,,,,
9/12/2013,Louisiana Tech,15,Tulane,24,,,,,,,,,
9/21/2013,Louisiana Tech,10,Kansas,13,,,,,,,,,
9/28/2013,Louisiana Tech,16,Army,35,,,,,,,,,
10/5/2013,Louisiana Tech,38,UTEP,35,,,,,,,,,
10/19/2013,Louisiana Tech,13,North Texas,28,,,,,,,,,
10/26/2013,Louisiana Tech,23,Florida International,7,,,,,,,,,
11/9/2013,Louisiana Tech,36,Southern Mississippi,13,,,,,,,,,
11/16/2013,Louisiana Tech,14,Rice,52,,,,,,,,,
11/23/2013,Louisiana Tech,14,Tulsa,24,,,,,,,,,
11/30/2013,Louisiana Tech,10,UTSA,30,,,,,,,,,
8/30/2014,Louisiana Tech,16,None,48,,,,,,,,,
9/6/2014,Louisiana Tech,48,Louisiana-Lafayette,20,,,,,,,,,
9/11/2014,Louisiana Tech,42,North Texas,21,,,,,,,,,
9/20/2014,Louisiana Tech,27,Northwestern State,30,,,,,,,,,
9/27/2014,Louisiana Tech,17,None,45,,,,,,,,,
10/4/2014,Louisiana Tech,55,UTEP,3,,,,,,,,,
10/18/2014,Louisiana Tech,27,UTSA,20,,,,,,,,,
10/25/2014,Louisiana Tech,31,Southern Mississippi,20,,,,,,,,,
11/1/2014,Louisiana Tech,59,Western Kentucky,10,,,,,,,,,
11/8/2014,Louisiana Tech,40,UAB,24,,,,,,,,,
11/22/2014,Louisiana Tech,27,Old Dominion,30,,,,,,,,,
11/29/2014,Louisiana Tech,76,Rice,31,,,,,,,,,
12/6/2014,Louisiana Tech,23,Marshall,26,,,,,,,,,
12/26/2014,Louisiana Tech,35,Illinois,18,,,,,,,,,
9/5/2015,Louisiana Tech,62,Southern,15,,,,,,,,,
9/10/2015,Louisiana Tech,38,Western Kentucky,41,,,,,,,,,
9/19/2015,Louisiana Tech,33,Kansas State,39,,,,,,,,,
9/26/2015,Louisiana Tech,27,Florida International,17,,,,,,,,,
10/3/2015,Louisiana Tech,43,Louisiana-Lafayette,14,,,,,,,,,
10/10/2015,Louisiana Tech,34,UTSA,31,,,,,,,,,
10/17/2015,Louisiana Tech,20,Mississippi State,45,,,,,,,,,
10/24/2015,Louisiana Tech,45,Middle Tennessee State,16,,,,,,,,,
10/30/2015,Louisiana Tech,42,Rice,17,,,,,,,,,
11/7/2015,Louisiana Tech,56,North Texas,13,,,,,,,,,
11/21/2015,Louisiana Tech,17,UTEP,15,,,,,,,,,
11/28/2015,Louisiana Tech,24,Southern Mississippi,58,,,,,,,,,
12/19/2015,Louisiana Tech,47,Arkansas State,28,,,,,,,,,
9/3/2016,Louisiana Tech,20,Arkansas,21,,,,,,,,,
9/10/2016,Louisiana Tech,53,South Carolina State,24,,,,,,,,,
9/17/2016,Louisiana Tech,45,Texas Tech,59,,,,,,,,,
9/24/2016,Louisiana Tech,34,Middle Tennessee State,38,,,,,,,,,
10/1/2016,Louisiana Tech,28,UTEP,7,,,,,,,,,
10/6/2016,Louisiana Tech,55,Western Kentucky,52,,,,,,,,,
10/15/2016,Louisiana Tech,56,Massachusetts,28,,,,,,,,,
10/22/2016,Louisiana Tech,44,Florida International,24,,,,,,,,,
10/29/2016,Louisiana Tech,61,Rice,16,,,,,,,,,
11/5/2016,Louisiana Tech,45,North Texas,24,,,,,,,,,
11/12/2016,Louisiana Tech,63,UTSA,35,,,,,,,,,
11/25/2016,Louisiana Tech,24,Southern Mississippi,39,,,,,,,,,
12/3/2016,Louisiana Tech,44,Western Kentucky,58,,,,,,,,,
12/23/2016,Louisiana Tech,48,Navy,45,,,,,,,,,
9/2/2017,Louisiana Tech,52,Northwestern State,24,,,,,,,,,
9/9/2017,Louisiana Tech,21,Mississippi State,57,,,,,,,,,
9/16/2017,Louisiana Tech,23,Western Kentucky,22,,,,,,,,,
9/23/2017,Louisiana Tech,16,South Carolina,17,,,,,,,,,
9/30/2017,Louisiana Tech,34,South Alabama,16,,,,,,,,,
10/7/2017,Louisiana Tech,22,UAB,23,,,,,,,,,
10/21/2017,Louisiana Tech,27,Southern Mississippi,34,,,,,,,,,
10/28/2017,Louisiana Tech,42,Rice,28,,,,,,,,,
11/4/2017,Louisiana Tech,23,North Texas,24,,,,,,,,,
11/11/2017,Louisiana Tech,23,Florida Atlantic,48,,,,,,,,,
11/18/2017,Louisiana Tech,42,UTEP,21,,,,,,,,,
11/25/2017,Louisiana Tech,20,UTSA,6,,,,,,,,,
12/20/2017,Louisiana Tech,51,SMU,10,,,,,,,,,
9/1/2018,Louisiana Tech,30,South Alabama,26,,,,,,,,,
9/8/2018,Louisiana Tech,54,Southern,17,,,,,,,,,
9/22/2018,Louisiana Tech,21,None,38,,,,,,,,,
9/29/2018,Louisiana Tech,29,North Texas,27,,,,,,,,,
10/6/2018,Louisiana Tech,7,UAB,28,,,,,,,,,
10/13/2018,Louisiana Tech,31,UTSA,3,,,,,,,,,
10/20/2018,Louisiana Tech,31,UTEP,24,,,,,,,,,
10/26/2018,Louisiana Tech,21,Florida Atlantic,13,,,,,,,,,
11/3/2018,Louisiana Tech,3,None,45,,,,,,,,,
11/10/2018,Louisiana Tech,28,Rice,13,,,,,,,,,
11/17/2018,Louisiana Tech,20,Southern Mississippi,21,,,,,,,,,
11/24/2018,Louisiana Tech,15,Western Kentucky,30,,,,,,,,,
12/22/2018,Louisiana Tech,31,Hawaii,14,,,,,,,,,
8/31/2019,Louisiana Tech,14,None,45,,,,,,,,,
9/7/2019,Louisiana Tech,20,Grambling State,14,,,,,,,,,
9/14/2019,Louisiana Tech,35,Bowling Green,7,,,,,,,,,
9/20/2019,Louisiana Tech,43,Florida International,31,,,,,,,,,
9/28/2019,Louisiana Tech,23,Rice,20,,,,,,,,,
10/12/2019,Louisiana Tech,69,Massachusetts,21,,,,,,,,,
10/19/2019,Louisiana Tech,45,Southern Mississippi,30,,,,,,,,,
10/26/2019,Louisiana Tech,42,UTEP,21,,,,,,,,,
11/9/2019,Louisiana Tech,52,North Texas,17,,,,,,,,,
11/15/2019,Louisiana Tech,10,Marshall,31,,,,,,,,,
11/23/2019,Louisiana Tech,14,UAB,20,,,,,,,,,
11/30/2019,Louisiana Tech,41,UTSA,27,,,,,,,,,
12/26/2019,Louisiana Tech,14,Miami (FL),0,,,,,,,,,
9/19/2020,Louisiana Tech,31,Southern Mississippi,30,,,,,,,,,
9/26/2020,Louisiana Tech,66,Houston Baptist,38,,,,,,,,,
10/2/2020,Louisiana Tech,14,None,45,,,,,,,,,
10/10/2020,Louisiana Tech,21,UTEP,17,,,,,,,,,
10/17/2020,Louisiana Tech,17,Marshall,35,,,,,,,,,
10/24/2020,Louisiana Tech,26,UTSA,27,,,,,,,,,
10/31/2020,Louisiana Tech,37,UAB,34,,,,,,,,,
12/3/2020,Louisiana Tech,42,North Texas,31,,,,,,,,,
12/12/2020,Louisiana Tech,10,Texas Christian,52,,,,,,,,,
12/23/2020,Louisiana Tech,3,Georgia Southern,38,,,,,,,,,
9/4/2021,Louisiana Tech,34,Mississippi State,35,,,,,,,,,
9/11/2021,Louisiana Tech,45,Southeastern Louisiana,42,,,,,,,,,
9/18/2021,Louisiana Tech,37,SMU,39,,,,,,,,,
9/25/2021,Louisiana Tech,24,North Texas,17,,,,,,,,,
10/2/2021,Louisiana Tech,27,None,34,,,,,,,,,
10/16/2021,Louisiana Tech,3,UTEP,19,,,,,,,,,
10/23/2021,Louisiana Tech,16,None,45,,,,,,,,,
10/30/2021,Louisiana Tech,20,Old Dominion,23,,,,,,,,,
11/6/2021,Louisiana Tech,38,UAB,52,,,,,,,,,
11/13/2021,Louisiana Tech,42,Charlotte,32,,,,,,,,,
11/19/2021,Louisiana Tech,19,Southern Mississippi,35,,,,,,,,,
11/19/2021,Louisiana Tech,17,Northwestern State,0,W,"Ruston, LA",LA,,,,,,17
11/27/2021,Louisiana Tech,31,Rice,35,,,,,,,,,
9/1/2022,Louisiana Tech,24,Missouri,52,,,,,,,,,
9/10/2022,Louisiana Tech,52,SFA,17,,,,,,,,,
9/17/2022,Louisiana Tech,20,Clemson,48,,,,,,,,,
9/24/2022,Louisiana Tech,14,South Alabama,38,,,,,,,,,
10/8/2022,Louisiana Tech,41,UTEP,31,,,,,,,,,
10/15/2022,Louisiana Tech,27,North Texas,47,,,,,,,,,
10/22/2022,Louisiana Tech,41,Rice,42,,,,,,,,,
10/28/2022,Louisiana Tech,34,Florida International,42,,,,,,,,,
11/5/2022,Louisiana Tech,40,Middle Tennessee State,24,,,,,,,,,
11/12/2022,Louisiana Tech,7,UTSA,51,,,,,,,,,
11/19/2022,Louisiana Tech,21,Charlotte,26,,,,,,,,,
11/26/2022,Louisiana Tech,27,UAB,37,,,,,,,,,
8/26/2023,Louisiana Tech,22,FIU,17,,,,,,,,,
9/2/2023,Louisiana Tech,14,SMU,38,,,,,,,,,
9/9/2023,Louisiana Tech,51,Northwestern State,21,,,,,,,,,
9/16/2023,Louisiana Tech,37,North Texas,40,,,,,,,,,
9/23/2023,Louisiana Tech,14,Nebraska,28,,,,,,,,,
9/29/2023,Louisiana Tech,24,UTEP,10,,,,,,,,,
10/5/2023,Louisiana Tech,28,Western Kentucky,35,,,,,,,,,
10/10/2023,Louisiana Tech,23,Middle Tennessee State,31,,,,,,,,,
10/24/2023,Louisiana Tech,24,New Mexico State,27,,,,,,,,,
11/4/2023,Louisiana Tech,30,Liberty,56,,,,,,,,,
11/11/2023,Louisiana Tech,27,Sam Houston,42,,,,,,,,,
11/18/2023,Louisiana Tech,17,Jacksonville State,56,,,,,,,,,